Mahasiswa;passion;pengetahuan_sebelumnya;tim;skill;motivasi;komunitas_diikuti;Rating [MOCAP];Rating  [WEBONDER];Rating[UINUX];Rating [MAMUD];Rating[ETH0];Rating [UINBUNTU];Rating [FUN JAVA];Rating[GDSC];Rating  [DSE];Rating [ONTAKI]
Mahasiswa 1;Teknologi Google;Pemograman Web, Pemograman Mobile, Pemograman Java, Jaringan, Linux, UI/UX;Tim Besar: membuat kegiatan seperti seminar, workshop dll;Java, Figma;Memperluas networking;DSE;30;50;20;50;20;30;10;50;40;40
Mahasiswa 2;Data Science;Pemograman Web, Pemograman Mobile, Pemograman Java, Multimedia, Data Science, Jaringan;Tim Kecil: Lebih ke proyek-proyek tertentu;Javascript, C#, Figma, Unity, Blender, Kotlin;Mencari ilmu baru;MOCAP, UINBUNTU, ONTAKI;20;30;40;10;40;30;20;50;40;40
Mahasiswa 3;UI/UX;,;Tim Kecil: Lebih ke proyek-proyek tertentu;Python, Golang;Menambah ilmu;WEBONDER, ETH0, ONTAKI;30;40;20;30;30;50;10;40;30;30
Mahasiswa 4;Teknologi Google;Pemograman Web, Pemograman Mobile, Pemograman Java, Multimedia, Data Science, Linux, UI/UX;Tim Besar: membuat kegiatan seperti seminar, workshop dll;C++, C#, Figma, Ubuntu, Cloud, Linux, Golang;Selain mengisi waktu luang, juga ingin menambah pengetahuan tentang teknologi yang terkait dengan komunitas tsb.;ONTAKI;30;20;20;50;30;50;40;40;40;40
Mahasiswa 5;Jaringan;Pemograman Mobile;Tim Besar: membuat kegiatan seperti seminar, workshop dll;Kotlin, Dart, Python;Untuk mendapatkan lebih banyak ilmu dari komunitas tersebut sehingga dapat menambah pengetahuan dalam bidang yang saya minati;ETH0;40;40;20;30;50;50;20;40;40;20
Mahasiswa 6;Pemograman Mobile;Pemograman Web, Pemograman Mobile, Pemograman Java, Data Science, UI/UX;Tim Besar: membuat kegiatan seperti seminar, workshop dll;PHP, HTML, Java, C++, Figma, Ubuntu, Kotlin, Dart, Cloud, Python, Linux, Golang;Ingin menambah ilmu mengenai bidang yang saya tekuni ;MOCAP, MAMUD, GDSC, ONTAKI;50;40;20;50;20;40;10;50;30;30
Mahasiswa 7;Multimedia;Pemograman Web, Pemograman Mobile, Pemograman Java, Multimedia, Data Science, Jaringan, Linux;Tim Besar: membuat kegiatan seperti seminar, workshop dll;HTML;Untuk menambah pengalaman dan relasi, menambah ilmu;WEBONDER, ETH0, ONTAKI;30;50;40;50;30;40;20;40;30;40
Mahasiswa 8;Jaringan;Pemograman Web, Pemograman Mobile, Pemograman Java, Multimedia, Data Science, Robotik, Jaringan, Linux, UI/UX;Tim Besar: membuat kegiatan seperti seminar, workshop dll;PHP, HTML, CSS, Javascript, Figma, Cloud;Menekuni bakat dan minat;MOCAP, GDSC, DSE, ONTAKI;20;40;30;10;50;30;20;10;40;20
Mahasiswa 9;Robotik;Pemograman Mobile, Teknologi Google, UI/UX;Tim Kecil: Lebih ke proyek-proyek tertentu;PHP, HTML, CSS, Javascript, Java, Kotlin, Dart, Python;Ingin menambah pengalaman yang lebih serta dapat mendapatkan relasi yang lebih positif ;ETH0, UINBUNTU, FUN JAVA, GDSC, DSE, ONTAKI;30;30;40;30;40;10;20;40;40;50
Mahasiswa 10;Teknologi Google;Pemograman Web, Pemograman Mobile, Pemograman Java, Multimedia, Jaringan, UI/UX;Tim Besar: membuat kegiatan seperti seminar, workshop dll;HTML, CSS, Java, C++, C#, Blender;Untuk mendapatkan lebih banyak ilmu dari komunitas tersebut sehingga dapat menambah pengetahuan dalam bidang yang saya minati;MOCAP, WEBONDER, DSE;40;40;30;20;20;10;20;40;30;30
Mahasiswa 11;Pemograman Web;Pemograman Web, Data Science, UI/UX;Tim Besar: membuat kegiatan seperti seminar, workshop dll;HTML, Javascript, C++, Python, Linux;Menambah teman;MOCAP, DSE;30;30;20;50;50;10;50;40;40;40
Mahasiswa 12;Jaringan;Pemograman Web, Pemograman Mobile, Pemograman Java, Data Science, UI/UX;Tim Besar: membuat kegiatan seperti seminar, workshop dll;Figma, Ubuntu, Dart, Python;Menekuni bakat dan minat;MOCAP, MAMUD, GDSC, ONTAKI;30;50;30;30;40;30;40;40;20;40
Mahasiswa 13;Pemograman Web;Pemograman Web, Pemograman Java, Multimedia, Linux, UI/UX;Tim Besar: membuat kegiatan seperti seminar, workshop dll;PHP, HTML, Figma;Menambah relasi untuk membantu memudahkan memahami tugas kuliah;WEBONDER, ETH0;40;30;20;30;50;30;20;40;30;20
Mahasiswa 14;Jaringan;Pemograman Java;Tim Besar: membuat kegiatan seperti seminar, workshop dll;PHP, HTML, CSS, Java, C++, C#, Unity, Ubuntu, Blender, Dart, Python, Linux;Menambahkan cerita dalam pengalaman hidup, menambah relasi pertemanan ;MOCAP, UINBUNTU, ONTAKI;30;50;30;30;20;30;40;40;40;20
Mahasiswa 15;Linux;Robotik;Tim Kecil: Lebih ke proyek-proyek tertentu;Javascript, Python, Golang;Ingin mempelajari lebih dalam tentang ilmu ilmunya;MOCAP, GDSC;30;30;40;40;40;30;50;50;40;10
Mahasiswa 16;Linux;Pemograman Web, Pemograman Mobile, Pemograman Java, Data Science, UI/UX;Tim Besar: membuat kegiatan seperti seminar, workshop dll;PHP, HTML, CSS, Javascript, Figma, Cloud, Python;Ingin menambah wawasan dan menambah ilmu untuk mengembangkan diri;DSE;40;40;20;30;40;30;50;40;30;40
Mahasiswa 17;Linux;Pemograman Web, Pemograman Mobile, Pemograman Java, Multimedia, Data Science, UI/UX;Tim Kecil: Lebih ke proyek-proyek tertentu;Javascript, Python, Golang;Mempelajari ilmu baru di luar perkuliahan dengan teman-teman;ETH0, UINBUNTU, FUN JAVA, GDSC, DSE, ONTAKI;30;20;10;30;30;30;40;50;40;20
Mahasiswa 18;Pemograman Web;Pemograman Mobile;Tim Besar: membuat kegiatan seperti seminar, workshop dll;PHP, Figma, Kotlin, Dart, Cloud, Python, Golang;Karena ingin ahli dalam skill yang saya inginkan;FUN JAVA;30;50;40;30;20;30;40;40;40;40
Mahasiswa 19;Jaringan;Pemograman Web, Pemograman Mobile, Pemograman Java, Teknologi Google, UI/UX;Tim Kecil: Lebih ke proyek-proyek tertentu;Javascript, Python, Golang;Untuk membantu saya dalam minat saya di bidang bioinformatika ;MOCAP, UINBUNTU, ONTAKI;40;50;50;30;20;40;50;30;30;50
Mahasiswa 20;Pemograman Web;Pemograman Web, Pemograman Mobile, Pemograman Java, Data Science, Teknologi Google, Linux, UI/UX;Tim Besar: membuat kegiatan seperti seminar, workshop dll;HTML, CSS, Figma, Python;Ingin meningkatkan softskill maupun hardskill yang bisa menunjang karir;WEBONDER, ETH0;20;40;40;50;50;50;10;40;40;50
Mahasiswa 21;Jaringan;Pemograman Web, Pemograman Mobile, Pemograman Java;Tim Kecil: Lebih ke proyek-proyek tertentu;Javascript, Unity, Ubuntu;Ingin mempelajari lebih dalam tentang ilmu ilmunya;MOCAP, GDSC, DSE, ONTAKI;40;30;20;20;40;30;20;30;10;50
Mahasiswa 22;Linux;Pemograman Web, Pemograman Mobile, Pemograman Java, Teknologi Google, UI/UX;Tim Besar: membuat kegiatan seperti seminar, workshop dll;Java, Figma, Kotlin, Dart, Python;Untuk mendapatkan pengalaman baru serta belajar tanggung jawab;MOCAP, DSE;40;30;50;50;40;30;40;40;40;20
Mahasiswa 23;Robotik;Pemograman Web, Pemograman Mobile, Pemograman Java, Multimedia, Data Science, Jaringan, Teknologi Google, Linux, UI/UX;Tim Besar: membuat kegiatan seperti seminar, workshop dll;Javascript, Python, Golang;Memperluas networking;MOCAP;30;40;40;30;20;30;40;40;30;50
Mahasiswa 24;UI/UX;Pemograman Web, Pemograman Mobile, Pemograman Java, Data Science, Teknologi Google, Linux, UI/UX;Tim Kecil: Lebih ke proyek-proyek tertentu;PHP, HTML, CSS, Javascript, Java, Figma;Belajar lebih dalam;MOCAP, GDSC, DSE, ONTAKI;40;30;10;40;50;40;20;40;20;30
Mahasiswa 25;Pemograman Web;Robotik;Tim Kecil: Lebih ke proyek-proyek tertentu;Javascript, Figma;Selain mengisi waktu luang, juga ingin menambah pengetahuan tentang teknologi yang terkait dengan komunitas tsb.;UINUX;30;40;10;10;20;30;10;40;40;30
Mahasiswa 26;Robotik;Data Science, Teknologi Google;Tim Besar: membuat kegiatan seperti seminar, workshop dll;PHP, Python;Mempelajari ilmu baru di luar perkuliahan dengan teman-teman;ETH0, UINBUNTU, FUN JAVA, GDSC, DSE, ONTAKI;40;40;10;40;40;30;30;50;20;40
Mahasiswa 27;Teknologi Google;Pemograman Web, Pemograman Mobile, Pemograman Java, Jaringan, Linux, UI/UX;Tim Kecil: Lebih ke proyek-proyek tertentu;PHP, HTML, CSS, Javascript, Cloud, Linux, Golang;Ingin menambah ilmu mengenai bidang yang saya tekuni ;WEBONDER, ETH0, ONTAKI;30;40;50;50;20;20;20;40;30;30
Mahasiswa 28;Teknologi Google;Pemograman Web, Pemograman Mobile, Pemograman Java, Teknologi Google, UI/UX;Tim Besar: membuat kegiatan seperti seminar, workshop dll;PHP, HTML, CSS, Javascript, Java, C++, C#, Figma, Unity, Ubuntu, Blender, Kotlin, Dart, Python, Linux;Menambah relasi untuk membantu memudahkan memahami tugas kuliah;WEBONDER, ETH0;30;20;10;30;40;30;40;30;30;20
Mahasiswa 29;UI/UX;Pemograman Web, Pemograman Java, Data Science;Tim Kecil: Lebih ke proyek-proyek tertentu;Java, Figma;Menambah relasi untuk membantu memudahkan memahami tugas kuliah;MOCAP, GDSC, DSE, ONTAKI;40;30;20;30;50;30;20;50;40;40
Mahasiswa 30;Pemograman Web;Pemograman Web, Pemograman Mobile, Pemograman Java, Multimedia, Data Science, Jaringan, Linux;Tim Kecil: Lebih ke proyek-proyek tertentu;Javascript, C#, Figma, Unity, Blender, Kotlin;Ingin mendapatkan lingkungan yang memeiliki mimpi yang sama dan minat yang sama;ONTAKI;30;40;40;10;30;30;40;50;30;30
Mahasiswa 31;UI/UX;Pemograman Web, Pemograman Mobile, Pemograman Java, Multimedia, Data Science, Robotik, Jaringan, Teknologi Google, Linux, UI/UX;Tim Besar: membuat kegiatan seperti seminar, workshop dll;Java, Figma, Kotlin, Dart, Python;Karena ingin ahli dalam skill yang saya inginkan;UINUX;30;30;20;30;20;10;20;50;30;50
Mahasiswa 32;Multimedia;Pemograman Web, Multimedia, Robotik, UI/UX;Tim Kecil: Lebih ke proyek-proyek tertentu;Figma, Ubuntu, Dart, Python;Mencari peluang untuk memperlebar koneksi ke developer handal;WEBONDER, GDSC;40;40;50;30;30;10;40;40;10;50
Mahasiswa 33;Jaringan;Pemograman Web, Pemograman Mobile, Pemograman Java, Multimedia, Robotik, Jaringan, Teknologi Google, Linux, UI/UX;Tim Besar: membuat kegiatan seperti seminar, workshop dll;PHP, HTML, CSS, Javascript, Java, Figma, Unity, Blender, Dart, Python;Selain mengisi waktu luang, juga ingin menambah pengetahuan tentang teknologi yang terkait dengan komunitas tsb.;GDSC;50;20;10;30;40;30;20;50;30;30
Mahasiswa 34;Data Science;Pemograman Web, Pemograman Mobile, Pemograman Java, Data Science, UI/UX;Tim Kecil: Lebih ke proyek-proyek tertentu;PHP, HTML, CSS, Java, C++, C#, Unity, Ubuntu, Blender, Dart, Python, Linux;Memperluas networking;MAMUD;40;20;40;10;40;10;50;40;40;20
Mahasiswa 35;Robotik;Pemograman Java;Tim Kecil: Lebih ke proyek-proyek tertentu;PHP, HTML, CSS, Javascript, Figma, Cloud;Mempelajari ilmu baru di luar perkuliahan dengan teman-teman;MOCAP;50;40;50;40;20;30;20;40;30;20
Mahasiswa 36;Robotik;UI/UX;Tim Kecil: Lebih ke proyek-proyek tertentu;PHP, HTML, CSS, Javascript, Java, Figma;Mengembangkan keahlian dan mendapatkan pengalam dan ilmu;WEBONDER, ETH0, ONTAKI;20;20;30;50;30;10;30;40;40;20
Mahasiswa 37;UI/UX;Pemograman Mobile, Teknologi Google, UI/UX;Tim Besar: membuat kegiatan seperti seminar, workshop dll;Figma, Ubuntu, Dart, Python;mrnambah ilmu;MOCAP, GDSC;40;40;10;10;30;10;40;50;40;50
Mahasiswa 38;Pemograman Web;Pemograman Web, Pemograman Mobile, Pemograman Java, Multimedia, Jaringan, UI/UX;Tim Besar: membuat kegiatan seperti seminar, workshop dll;Dart, Python;Memperdalam ilmu coding;MOCAP, WEBONDER, DSE;20;50;20;40;40;30;20;40;10;40
Mahasiswa 39;Robotik;Pemograman Web, Pemograman Java, Data Science;Tim Besar: membuat kegiatan seperti seminar, workshop dll;PHP, HTML, CSS, Javascript, Java, C++, C#, Figma, Unity, Ubuntu, Blender, Kotlin, Dart, Python, Linux;Mengembangkan keahlian dan mendapatkan pengalam dan ilmu;WEBONDER, ETH0, ONTAKI;30;40;20;50;40;50;40;50;40;30
Mahasiswa 40;Linux;Jaringan;Tim Kecil: Lebih ke proyek-proyek tertentu;Java, Figma, Kotlin, Dart, Python;Mengembangkan Skill;ETH0, GDSC, DSE;40;50;40;30;20;30;30;30;40;50
Mahasiswa 41;Pemograman Mobile;Pemograman Web, Pemograman Mobile, Pemograman Java, Multimedia, Jaringan, UI/UX;Tim Kecil: Lebih ke proyek-proyek tertentu;PHP, HTML, CSS, Javascript, Java, Dart;Karena ingin ahli dalam skill yang saya inginkan;WEBONDER, ETH0, FUN JAVA;50;20;30;10;50;50;20;40;20;50
Mahasiswa 42;Linux;UI/UX;Tim Kecil: Lebih ke proyek-proyek tertentu;PHP, Figma, Kotlin, Dart, Cloud, Python, Golang;Dengan mengikuti komunitas, bisa membantu saya mengembangkan skill;MOCAP, ONTAKI;40;20;20;10;20;10;50;40;20;20
Mahasiswa 43;Data Science;UI/UX;Tim Kecil: Lebih ke proyek-proyek tertentu;HTML, Javascript, C++, Python, Linux;Dengan kemajuan teknologi pemahaman akan pengetahuan tersebut sangat penting di kehidupan ini;MOCAP, GDSC, DSE, ONTAKI;40;20;20;10;50;30;30;50;30;40
Mahasiswa 44;Robotik;Pemograman Web, Pemograman Mobile, Pemograman Java, Multimedia, Data Science, Robotik, Jaringan, Linux;Tim Besar: membuat kegiatan seperti seminar, workshop dll;PHP, HTML, CSS, Javascript, Figma;Untuk mendapatkan lebih banyak ilmu dari komunitas tersebut sehingga dapat menambah pengetahuan dalam bidang yang saya minati;MOCAP, WEBONDER, GDSC;40;40;10;50;40;10;20;40;30;10
Mahasiswa 45;Multimedia;Data Science;Tim Besar: membuat kegiatan seperti seminar, workshop dll;PHP, HTML, CSS, Javascript, Figma, Cloud, Python;Untuk memperdalam keilmuan di bidang IT ;MOCAP, UINBUNTU, ONTAKI;30;40;30;10;20;20;40;40;20;30
Mahasiswa 46;Pemograman Web;Pemograman Web, Pemograman Java, Multimedia, Linux, UI/UX;Tim Kecil: Lebih ke proyek-proyek tertentu;HTML;Pengetahuan dalam dunia kerja dan informasi penting (Loker atau Pengetahuan) terbaru di bidang yang diminati;ETH0;40;40;20;30;30;10;20;50;40;40
Mahasiswa 47;Multimedia;Pemograman Web, Pemograman Mobile, Pemograman Java, Multimedia, Jaringan, UI/UX;Tim Kecil: Lebih ke proyek-proyek tertentu;Python;menambah relasi;MOCAP, UINBUNTU, ONTAKI;30;40;20;10;40;30;20;40;30;40
Mahasiswa 48;Jaringan;Pemograman Mobile, Pemograman Java, Data Science;Tim Kecil: Lebih ke proyek-proyek tertentu;PHP, Figma, Kotlin, Dart, Cloud, Python, Golang;Mengembangkan Skill;FUN JAVA;40;50;20;30;40;10;20;50;40;50
Mahasiswa 49;Multimedia;Pemograman Web, Pemograman Mobile, Pemograman Java, Multimedia, Jaringan, UI/UX;Tim Kecil: Lebih ke proyek-proyek tertentu;PHP, HTML, CSS, Javascript, Figma, Ubuntu, Kotlin, Dart, Cloud, Linux, Golang;Mengembangkan keahlian dan mendapatkan pengalam dan ilmu;ETH0;50;50;20;30;30;20;40;50;40;50
Mahasiswa 50;Jaringan;Pemograman Web, Pemograman Mobile, Pemograman Java, Multimedia, Data Science, UI/UX;Tim Besar: membuat kegiatan seperti seminar, workshop dll;PHP, HTML, Java, C++, Figma, Ubuntu, Kotlin, Dart, Cloud, Python, Linux, Golang;Ingin menambah pengalaman yang lebih serta dapat mendapatkan relasi yang lebih positif ;WEBONDER, MAMUD, ETH0;40;40;20;10;30;30;20;50;40;20
Mahasiswa 51;Pemograman Web;Pemograman Web, Pemograman Mobile, Pemograman Java, Multimedia, Data Science, Robotik, Jaringan, Linux;Tim Besar: membuat kegiatan seperti seminar, workshop dll;PHP, HTML, CSS, Javascript, Figma;Menambah relasi & pengetahuan di bidang terkait ;MOCAP, UINBUNTU, ONTAKI;30;30;40;40;30;20;40;40;20;20
Mahasiswa 52;Linux;Pemograman Web, Data Science, UI/UX;Tim Besar: membuat kegiatan seperti seminar, workshop dll;Javascript, Figma;Nambah ilmu dan pengalaman. Nambah relasi;MOCAP, GDSC;30;50;40;20;30;50;30;50;40;20
Mahasiswa 53;Linux;Pemograman Mobile, Pemograman Java, Data Science;Tim Besar: membuat kegiatan seperti seminar, workshop dll;PHP, HTML, CSS, Javascript, Figma;Ingin mendapatkan lingkungan yang memeiliki mimpi yang sama dan minat yang sama;UINUX;50;40;40;40;30;10;40;40;40;50
Mahasiswa 54;Linux;Pemograman Web, Pemograman Mobile, Pemograman Java, Data Science, Teknologi Google, Linux, UI/UX;Tim Besar: membuat kegiatan seperti seminar, workshop dll;HTML, CSS, Java, C++, C#, Blender;Bergabung dalam komunitas akademik di TI UIN memberikan kesempatan untuk mendapatkan pengetahuan mendalam tentang bidang Teknologi Informasi. Melalui mata kuliah, seminar, dan proyek kolaboratif, anggota komunitas dapat terus belajar dan mengembangkan keterampilan mereka;FUN JAVA;30;40;30;30;30;30;10;10;40;40
Mahasiswa 55;Robotik;Pemograman Web, Pemograman Mobile, Pemograman Java, Multimedia, Data Science, UI/UX;Tim Besar: membuat kegiatan seperti seminar, workshop dll;PHP, HTML, Java, C++, Figma, Ubuntu, Kotlin, Dart, Cloud, Python, Linux, Golang;Ingin menambah wawasan dan menambah ilmu untuk mengembangkan diri;MOCAP, DSE;40;40;20;10;20;10;20;40;10;50
Mahasiswa 56;UI/UX;Data Science, Teknologi Google;Tim Kecil: Lebih ke proyek-proyek tertentu;PHP, HTML, CSS, Javascript, Java, Figma, Unity, Blender, Dart, Python;Dengan mengikuti komunitas, bisa membantu saya mengembangkan skill;MOCAP, GDSC, DSE, ONTAKI;20;30;40;50;40;30;20;40;40;50
Mahasiswa 57;Linux;Pemograman Web, Pemograman Mobile, Pemograman Java, Jaringan, Linux, UI/UX;Tim Besar: membuat kegiatan seperti seminar, workshop dll;Python;Dengan kemajuan teknologi pemahaman akan pengetahuan tersebut sangat penting di kehidupan ini;MOCAP;30;30;40;30;20;50;50;50;40;20
Mahasiswa 58;Data Science;Pemograman Web, Pemograman Java, Multimedia, Linux, UI/UX;Tim Besar: membuat kegiatan seperti seminar, workshop dll;PHP, Python;Nambah ilmu dan pengalaman. Nambah relasi;MOCAP, WEBONDER, DSE;40;20;40;30;40;50;20;30;40;40
Mahasiswa 59;UI/UX;Pemograman Web, Data Science;Tim Besar: membuat kegiatan seperti seminar, workshop dll;PHP, HTML, CSS, Javascript, Figma, Cloud;Ingin menambah wawasan dan menambah ilmu untuk mengembangkan diri;ETH0, GDSC, DSE;40;40;20;10;50;30;20;40;30;30
Mahasiswa 60;Jaringan;Pemograman Web, Pemograman Mobile, Pemograman Java, Multimedia, Data Science, Jaringan;Tim Besar: membuat kegiatan seperti seminar, workshop dll;PHP, HTML, CSS, Javascript, Java, C++, C#, Figma, Unity, Ubuntu, Blender, Kotlin, Dart, Python, Linux;Menambah ilmu;ETH0, GDSC;30;30;20;50;30;50;10;10;20;50
Mahasiswa 61;Linux;Pemograman Web, Pemograman Mobile, Pemograman Java, Multimedia, Jaringan, UI/UX;Tim Besar: membuat kegiatan seperti seminar, workshop dll;PHP, HTML, CSS, C#, Figma, Dart, Cloud, Python;Menambah pengalaman ;MOCAP, WEBONDER;40;40;20;50;20;20;40;40;40;20
Mahasiswa 62;UI/UX;Pemograman Mobile, Pemograman Java, Teknologi Google, Linux, UI/UX;Tim Besar: membuat kegiatan seperti seminar, workshop dll;PHP, CSS, Javascript, Unity, Ubuntu, Dart, Cloud, Python, Golang;Mencari peluang untuk memperlebar koneksi ke developer handal;MOCAP, WEBONDER;40;30;20;30;30;10;20;50;20;30
Mahasiswa 63;Jaringan;Pemograman Mobile, Pemograman Java, Data Science;Tim Kecil: Lebih ke proyek-proyek tertentu;PHP, HTML, CSS, Figma, Blender, Python, Linux;Menambah relasi ;FUN JAVA;40;30;40;30;40;30;20;40;40;20
Mahasiswa 64;Jaringan;Pemograman Mobile;Tim Besar: membuat kegiatan seperti seminar, workshop dll;Python, Golang;Untuk menambah pengalaman dan relasi, menambah ilmu;DSE;50;20;40;40;30;20;40;50;30;40
Mahasiswa 65;Jaringan;,;Tim Kecil: Lebih ke proyek-proyek tertentu;PHP, CSS, Javascript, Unity, Ubuntu, Dart, Cloud, Python, Golang;Ingin belajar lebih baik tentang TI;MOCAP, WEBONDER;30;50;30;10;30;10;30;40;40;50
Mahasiswa 66;Data Science;Pemograman Web, Pemograman Mobile, Pemograman Java, Jaringan, Linux, UI/UX;Tim Besar: membuat kegiatan seperti seminar, workshop dll;PHP, CSS, Javascript, Cloud, Linux, Golang;Karena ingin ahli dalam skill yang saya inginkan;ETH0;30;40;50;30;40;40;40;30;20;30
Mahasiswa 67;Jaringan;,;Tim Kecil: Lebih ke proyek-proyek tertentu;PHP, C++, C#, Figma, Blender, Cloud;Dengan mengikuti komunitas, bisa membantu saya mengembangkan skill;MAMUD;20;50;30;50;30;10;20;40;30;20
Mahasiswa 68;Robotik;Pemograman Web, Data Science, UI/UX;Tim Besar: membuat kegiatan seperti seminar, workshop dll;HTML, CSS, Java, C++, C#, Blender;Mengembangkan Skill;ETH0, GDSC;40;50;50;40;30;50;30;40;40;20
Mahasiswa 69;Linux;Pemograman Mobile, Pemograman Java, Data Science;Tim Kecil: Lebih ke proyek-proyek tertentu;PHP, CSS, Javascript, Unity, Ubuntu, Dart, Cloud, Python, Golang;Dengan mengikuti komunitas, bisa membantu saya mengembangkan skill;WEBONDER, ETH0, FUN JAVA;40;20;10;40;30;30;50;50;30;40
Mahasiswa 70;Linux;,;Tim Besar: membuat kegiatan seperti seminar, workshop dll;PHP, HTML, CSS, Javascript, Cloud, Linux, Golang;Mengembangkan keahlian dan mendapatkan pengalam dan ilmu;MOCAP, WEBONDER, DSE;40;50;40;10;40;50;20;40;30;50
Mahasiswa 71;Linux;Pemograman Web, Pemograman Mobile, Pemograman Java, Multimedia, Data Science, UI/UX;Tim Kecil: Lebih ke proyek-proyek tertentu;Java, Figma;Ingin mendapatkan lingkungan yang memeiliki mimpi yang sama dan minat yang sama;MOCAP, DSE;30;30;50;20;20;10;30;40;40;40
Mahasiswa 72;Pemograman Mobile;Pemograman Web, Pemograman Mobile, Data Science;Tim Kecil: Lebih ke proyek-proyek tertentu;PHP, HTML, Java, C++, Figma, Ubuntu, Kotlin, Dart, Cloud, Python, Linux, Golang;Ingin menambah ilmu mengenai bidang yang saya tekuni ;MOCAP, GDSC;30;50;50;10;20;50;40;40;40;20
Mahasiswa 73;Teknologi Google;Pemograman Mobile, Pemograman Java, Data Science;Tim Kecil: Lebih ke proyek-proyek tertentu;Java, C++, C#, Unity, Kotlin;Ingin mempelajari lebih dalam tentang ilmu ilmunya;WEBONDER, ETH0;20;40;20;30;50;20;40;40;30;40
Mahasiswa 74;Robotik;Pemograman Web, Pemograman Mobile, Pemograman Java, Multimedia, Robotik, Jaringan, Teknologi Google, Linux, UI/UX;Tim Kecil: Lebih ke proyek-proyek tertentu;PHP, HTML, CSS, Javascript, Java, Figma;Mengembangkan Skill;MOCAP, WEBONDER, GDSC;40;30;40;50;30;10;10;50;40;10
Mahasiswa 75;Robotik;Pemograman Web, Pemograman Java, Multimedia, Linux, UI/UX;Tim Besar: membuat kegiatan seperti seminar, workshop dll;PHP, HTML, CSS, Javascript;Ingin menambah pengalaman yang lebih serta dapat mendapatkan relasi yang lebih positif ;ETH0;20;20;40;50;40;40;20;40;40;20
Mahasiswa 76;Teknologi Google;Pemograman Java;Tim Besar: membuat kegiatan seperti seminar, workshop dll;PHP, HTML, CSS, Javascript;mrnambah ilmu;ONTAKI;40;30;10;10;50;10;40;40;30;20
Mahasiswa 77;Robotik;UI/UX;Tim Besar: membuat kegiatan seperti seminar, workshop dll;PHP, C++, C#, Figma, Blender, Cloud;Menambah insight baru ;ETH0;30;50;40;30;20;30;10;40;30;40
Mahasiswa 78;Jaringan;Pemograman Web, Pemograman Mobile, Pemograman Java;Tim Besar: membuat kegiatan seperti seminar, workshop dll;Python;Karena ingin menambah teman dan mempelajari ilmu baru;MOCAP, WEBONDER, GDSC;40;30;50;30;30;40;20;50;30;20
Mahasiswa 79;Pemograman Mobile;Pemograman Web, Data Science;Tim Kecil: Lebih ke proyek-proyek tertentu;PHP, HTML, CSS, Javascript, Figma;Mengembangkan Skill;ETH0, GDSC;50;30;40;50;50;30;40;40;30;30
Mahasiswa 80;Jaringan;Pemograman Web, Pemograman Mobile, Pemograman Java, Multimedia, Data Science, Robotik, Jaringan, Teknologi Google, Linux, UI/UX;Tim Besar: membuat kegiatan seperti seminar, workshop dll;PHP, Python;Selain mengisi waktu luang, juga ingin menambah pengetahuan tentang teknologi yang terkait dengan komunitas tsb.;GDSC;20;50;30;50;30;30;40;40;30;10
Mahasiswa 81;Pemograman Web;UI/UX;Tim Besar: membuat kegiatan seperti seminar, workshop dll;Java, C++, C#, Unity, Kotlin;Ingin menambah pengalaman yang lebih serta dapat mendapatkan relasi yang lebih positif ;WEBONDER, ETH0, ONTAKI;30;30;40;50;30;20;40;30;30;20
Mahasiswa 82;Pemograman Web;Robotik;Tim Besar: membuat kegiatan seperti seminar, workshop dll;Kotlin, Dart, Python;Ingin meningkatkan softskill maupun hardskill yang bisa menunjang karir;MOCAP, WEBONDER, DSE;50;20;50;30;40;30;40;50;40;20
Mahasiswa 83;Pemograman Web;Pemograman Web, Pemograman Mobile, Pemograman Java, Multimedia, Data Science, Robotik, Jaringan, Linux, UI/UX;Tim Kecil: Lebih ke proyek-proyek tertentu;PHP, HTML, CSS, Javascript, Java, C++, C#, Figma, Unity, Blender, Kotlin, Dart, Python, Golang;Ingin menambah wawasan dan menambah ilmu untuk mengembangkan diri;WEBONDER, MAMUD, ETH0;20;30;20;50;30;40;40;40;20;20
Mahasiswa 84;Pemograman Web;Pemograman Web, Pemograman Mobile, Pemograman Java, Multimedia, Data Science, UI/UX;Tim Kecil: Lebih ke proyek-proyek tertentu;PHP, HTML, CSS, Javascript, Java, Kotlin, Dart, Python;Untuk membantu saya dalam minat saya di bidang bioinformatika ;MOCAP, WEBONDER, DSE;30;30;40;10;20;20;20;40;30;50
Mahasiswa 85;Robotik;Pemograman Web, Pemograman Mobile, Pemograman Java, Data Science, UI/UX;Tim Besar: membuat kegiatan seperti seminar, workshop dll;PHP, HTML, Figma;Karena ingin menambah teman dan mempelajari ilmu baru;UINUX;30;50;10;20;40;10;50;10;40;30
Mahasiswa 86;Linux;,;Tim Kecil: Lebih ke proyek-proyek tertentu;Dart, Python;Untuk belajar lebih jauh mengenai materi yang d berikan;MAMUD;30;30;20;30;20;10;40;40;40;20
Mahasiswa 87;UI/UX;Pemograman Web;Tim Kecil: Lebih ke proyek-proyek tertentu;PHP, Python;Untuk mendapatkan lebih banyak ilmu dari komunitas tersebut sehingga dapat menambah pengetahuan dalam bidang yang saya minati;MOCAP, WEBONDER, GDSC;40;40;20;20;30;20;40;40;30;20
Mahasiswa 88;Data Science;Robotik;Tim Besar: membuat kegiatan seperti seminar, workshop dll;PHP, Cloud;Menambah insight baru ;ONTAKI;30;30;40;30;30;30;40;40;10;50
Mahasiswa 89;Teknologi Google;Pemograman Web, Pemograman Mobile, Pemograman Java, Multimedia, Data Science, Jaringan, Teknologi Google, Linux, UI/UX;Tim Besar: membuat kegiatan seperti seminar, workshop dll;PHP, Cloud;Ingin menambah ilmu;WEBONDER, ETH0, ONTAKI;40;20;40;10;50;30;40;50;30;20
Mahasiswa 90;Linux;Pemograman Web, Pemograman Mobile, Pemograman Java, Data Science, UI/UX;Tim Besar: membuat kegiatan seperti seminar, workshop dll;Python;Untuk menambah pengalaman dan relasi, menambah ilmu;MOCAP, WEBONDER, MAMUD, ETH0;40;30;20;50;20;50;20;40;30;40
Mahasiswa 91;Linux;Pemograman Web;Tim Kecil: Lebih ke proyek-proyek tertentu;PHP, HTML, CSS, Javascript, Java, Kotlin, Dart, Python;Belajar lebih dalam;UINUX;30;20;20;30;30;30;40;30;20;50
Mahasiswa 92;Robotik;Data Science, Teknologi Google;Tim Besar: membuat kegiatan seperti seminar, workshop dll;PHP, CSS, Javascript, Unity, Ubuntu, Dart, Cloud, Python, Golang;Mempelajari ilmu baru di luar perkuliahan dengan teman-teman;MOCAP, WEBONDER, GDSC;40;50;20;50;20;30;20;40;30;20
Mahasiswa 93;Teknologi Google;Pemograman Web, Pemograman Mobile, Pemograman Java, Data Science, Teknologi Google, Linux, UI/UX;Tim Besar: membuat kegiatan seperti seminar, workshop dll;Java, C++, C#, Unity, Kotlin;Ingin mendapatkan lingkungan yang memeiliki mimpi yang sama dan minat yang sama;FUN JAVA;30;30;40;50;30;50;40;40;40;20
Mahasiswa 94;Robotik;Robotik;Tim Kecil: Lebih ke proyek-proyek tertentu;PHP, HTML, Figma;Menambah pengalaman ;MOCAP, WEBONDER, DSE;30;50;10;50;40;30;10;40;30;40
Mahasiswa 95;Jaringan;Pemograman Mobile, Teknologi Google, UI/UX;Tim Kecil: Lebih ke proyek-proyek tertentu;Javascript, Unity, Ubuntu;Untuk mendapatkan pengalaman baru serta belajar tanggung jawab;MOCAP, MAMUD, GDSC, ONTAKI;20;40;10;50;30;10;10;40;40;40
Mahasiswa 96;Multimedia;Pemograman Mobile;Tim Kecil: Lebih ke proyek-proyek tertentu;HTML, CSS, Java, C++, C#, Blender;Pengetahuan dalam dunia kerja dan informasi penting (Loker atau Pengetahuan) terbaru di bidang yang diminati;MOCAP, WEBONDER, DSE;30;30;30;40;50;30;20;40;40;20
Mahasiswa 97;Linux;Pemograman Web, Pemograman Mobile, Pemograman Java, Multimedia, Data Science, Jaringan, Teknologi Google, Linux, UI/UX;Tim Besar: membuat kegiatan seperti seminar, workshop dll;PHP, HTML, CSS, Java, C++, C#, Unity, Ubuntu, Blender, Dart, Python, Linux;menambah relasi;GDSC;20;40;50;30;30;30;10;10;30;50
Mahasiswa 98;Data Science;Pemograman Web, Pemograman Mobile, Pemograman Java, Multimedia, Jaringan, UI/UX;Tim Kecil: Lebih ke proyek-proyek tertentu;PHP, HTML, CSS, Javascript, Figma;Dengan kemajuan teknologi pemahaman akan pengetahuan tersebut sangat penting di kehidupan ini;MAMUD;30;20;40;30;30;50;50;50;10;50
Mahasiswa 99;Linux;Pemograman Java;Tim Besar: membuat kegiatan seperti seminar, workshop dll;PHP, HTML, CSS, Javascript, Figma, Ubuntu, Kotlin, Dart, Cloud, Linux, Golang;Menambahkan cerita dalam pengalaman hidup, menambah relasi pertemanan ;WEBONDER, ETH0, ONTAKI;10;40;20;30;40;30;20;40;30;30
Mahasiswa 100;Data Science;Pemograman Web, Pemograman Mobile, Pemograman Java, Teknologi Google, UI/UX;Tim Kecil: Lebih ke proyek-proyek tertentu;HTML, CSS, Figma, Blender, Python;Nambahin relasi;MOCAP, MAMUD, GDSC, ONTAKI;40;50;20;50;20;30;10;50;20;50
Mahasiswa 101;Pemograman Mobile;Multimedia;Tim Besar: membuat kegiatan seperti seminar, workshop dll;Python;menambah relasi;MOCAP, WEBONDER;30;30;20;30;40;30;20;40;30;30
Mahasiswa 102;Teknologi Google;Data Science;Tim Kecil: Lebih ke proyek-proyek tertentu;Java, C++, C#, Unity, Kotlin;Dengan kemajuan teknologi pemahaman akan pengetahuan tersebut sangat penting di kehidupan ini;MOCAP, DSE;40;30;50;10;20;10;40;50;40;50
Mahasiswa 103;Data Science;Pemograman Web, Pemograman Mobile, Pemograman Java, Multimedia, Data Science, UI/UX;Tim Kecil: Lebih ke proyek-proyek tertentu;Python;Ingin menambah ilmu mengenai bidang yang saya tekuni ;ETH0;20;50;20;20;50;10;20;40;40;40
Mahasiswa 104;Data Science;Pemograman Web, Pemograman Mobile, Pemograman Java, Multimedia, Data Science, Robotik, Jaringan, Teknologi Google, Linux, UI/UX;Tim Besar: membuat kegiatan seperti seminar, workshop dll;PHP, HTML, Java, C++, Figma, Ubuntu, Kotlin, Dart, Cloud, Python, Linux, Golang;Mengembangkan skill dan menambah wawasan;ETH0, UINBUNTU, FUN JAVA, GDSC, DSE, ONTAKI;30;50;50;40;30;30;20;50;30;30
Mahasiswa 105;Pemograman Mobile;Jaringan;Tim Besar: membuat kegiatan seperti seminar, workshop dll;PHP, HTML, CSS, Javascript, Java, C++, C#, Figma, Unity, Ubuntu, Blender, Kotlin, Dart, Python, Linux;Belajar lebih dalam;WEBONDER, GDSC;40;50;40;50;20;30;20;30;40;30
Mahasiswa 106;Teknologi Google;Pemograman Web, Pemograman Mobile, Pemograman Java, Multimedia, Data Science, Robotik, Jaringan, Teknologi Google, Linux, UI/UX;Tim Kecil: Lebih ke proyek-proyek tertentu;Python, Golang;Ingin menambah ilmu yang sebelumnya sudah saya dapat di sma;ETH0, GDSC;40;50;30;40;40;40;10;40;40;20
Mahasiswa 107;Multimedia;,;Tim Kecil: Lebih ke proyek-proyek tertentu;PHP, HTML, CSS, Javascript, Figma, Ubuntu, Kotlin, Dart, Cloud, Linux, Golang;Pengalaman ,relasi ,dan pengetahuan;MOCAP, MAMUD, GDSC, ONTAKI;30;50;20;50;30;20;50;50;40;20
Mahasiswa 108;Robotik;Pemograman Web, Pemograman Mobile, Pemograman Java, Data Science, UI/UX;Tim Kecil: Lebih ke proyek-proyek tertentu;PHP, CSS, Javascript, Unity, Ubuntu, Dart, Cloud, Python, Golang;Pengalaman ,relasi ,dan pengetahuan;MOCAP, MAMUD, GDSC, ONTAKI;30;20;30;30;20;30;40;10;30;30
Mahasiswa 109;Multimedia;Pemograman Web, Pemograman Mobile, Pemograman Java, Multimedia, Data Science, Robotik, Jaringan, Linux;Tim Besar: membuat kegiatan seperti seminar, workshop dll;Dart, Python;Menambah teman;GDSC;50;20;40;50;40;30;30;40;30;20
Mahasiswa 110;UI/UX;Pemograman Web, Pemograman Java, Multimedia, Data Science, Linux, UI/UX;Tim Besar: membuat kegiatan seperti seminar, workshop dll;HTML, CSS, Figma, Blender, Python;Nambahin relasi;MOCAP, WEBONDER, MAMUD, ETH0;40;20;20;30;40;30;40;30;30;20
Mahasiswa 111;Robotik;Pemograman Web, Data Science, UI/UX;Tim Kecil: Lebih ke proyek-proyek tertentu;Javascript, Unity, Ubuntu;Menambah pengalaman dan mendalami skill yang ingin diasah;MOCAP, WEBONDER, GDSC;30;40;20;20;40;30;20;40;40;50
Mahasiswa 112;Jaringan;UI/UX;Tim Kecil: Lebih ke proyek-proyek tertentu;PHP, C++, C#, Figma, Blender, Cloud;menambah relasi;WEBONDER, GDSC;40;20;20;10;30;30;40;10;40;20
Mahasiswa 113;Jaringan;Pemograman Web, Pemograman Mobile, Pemograman Java, Multimedia, Data Science, UI/UX;Tim Besar: membuat kegiatan seperti seminar, workshop dll;HTML, CSS, Java, C++, C#, Blender;Menambah pengalaman ;ETH0, GDSC, DSE;30;20;40;30;30;10;50;40;40;40
Mahasiswa 114;Teknologi Google;Pemograman Mobile, Teknologi Google, UI/UX;Tim Besar: membuat kegiatan seperti seminar, workshop dll;PHP, HTML, CSS, Javascript, Figma;Mempelajari ilmu baru di luar perkuliahan dengan teman-teman;MOCAP, WEBONDER;30;50;40;30;30;30;10;40;40;20
Mahasiswa 115;Teknologi Google;UI/UX;Tim Kecil: Lebih ke proyek-proyek tertentu;Dart, Python;Menambah teman;ETH0, GDSC;20;20;20;10;20;50;40;40;40;30
Mahasiswa 116;Pemograman Web;Pemograman Web, Pemograman Java, Multimedia, Data Science, Linux, UI/UX;Tim Besar: membuat kegiatan seperti seminar, workshop dll;Python;Menambah relasi untuk membantu memudahkan memahami tugas kuliah;ETH0;40;50;40;30;20;20;20;50;40;50
Mahasiswa 117;Teknologi Google;Pemograman Web, Pemograman Mobile, Pemograman Java, Data Science, Teknologi Google, Linux, UI/UX;Tim Besar: membuat kegiatan seperti seminar, workshop dll;PHP, HTML, CSS, Javascript, Java, C++, C#, Figma, Unity, Ubuntu, Blender, Kotlin, Dart, Python, Linux;Untuk menambah pengalaman dan relasi, menambah ilmu;ETH0, GDSC, DSE;40;30;50;50;40;20;40;50;40;40
Mahasiswa 118;Pemograman Mobile;Pemograman Mobile, Pemograman Java, Teknologi Google, Linux, UI/UX;Tim Kecil: Lebih ke proyek-proyek tertentu;PHP, HTML, CSS, Javascript;Mengembangkan keahlian dan mendapatkan pengalam dan ilmu;WEBONDER, ETH0, ONTAKI;50;50;10;40;40;10;30;50;40;50
Mahasiswa 119;Teknologi Google;Pemograman Java;Tim Besar: membuat kegiatan seperti seminar, workshop dll;PHP, Figma, Kotlin, Dart, Cloud, Python, Golang;Bergabung dalam komunitas akademik di TI UIN memberikan kesempatan untuk mendapatkan pengetahuan mendalam tentang bidang Teknologi Informasi. Melalui mata kuliah, seminar, dan proyek kolaboratif, anggota komunitas dapat terus belajar dan mengembangkan keterampilan mereka;MOCAP, GDSC;30;20;20;10;50;10;10;40;20;10
Mahasiswa 120;Pemograman Mobile;Pemograman Mobile;Tim Besar: membuat kegiatan seperti seminar, workshop dll;PHP, HTML, Figma;Dengan mengikuti komunitas, bisa membantu saya mengembangkan skill;ETH0, UINBUNTU, FUN JAVA, GDSC, DSE, ONTAKI;30;50;40;30;40;10;20;50;40;50
Mahasiswa 121;Linux;Pemograman Web, Pemograman Mobile, Pemograman Java, Multimedia, Robotik, Jaringan, Teknologi Google, Linux, UI/UX;Tim Besar: membuat kegiatan seperti seminar, workshop dll;Java, Figma;Belajar lebih dalam;WEBONDER, ETH0;30;40;40;40;30;20;50;30;40;50
Mahasiswa 122;Teknologi Google;Pemograman Web, Data Science, UI/UX;Tim Besar: membuat kegiatan seperti seminar, workshop dll;HTML;Mencari ilmu baru;ETH0, GDSC;40;50;20;30;40;10;40;40;30;20
Mahasiswa 123;Linux;Pemograman Java;Tim Besar: membuat kegiatan seperti seminar, workshop dll;HTML, CSS, Figma, Python;Ingin menambah ilmu mengenai bidang yang saya tekuni ;ETH0, UINBUNTU, FUN JAVA, GDSC, DSE, ONTAKI;30;40;20;30;30;30;20;10;40;20
Mahasiswa 124;Pemograman Web;Pemograman Web, Data Science, UI/UX;Tim Kecil: Lebih ke proyek-proyek tertentu;Javascript, Figma;Menambah insight baru ;MOCAP, MAMUD, GDSC, ONTAKI;30;30;40;40;30;10;40;40;40;30
Mahasiswa 125;Linux;Pemograman Web, Data Science, UI/UX;Tim Kecil: Lebih ke proyek-proyek tertentu;PHP, HTML, CSS, Javascript, Java, Figma;menambah relasi;WEBONDER, MAMUD, ETH0;40;50;40;10;30;50;50;50;40;50
Mahasiswa 126;Data Science;Pemograman Mobile, Pemograman Java, Data Science;Tim Kecil: Lebih ke proyek-proyek tertentu;Figma, Ubuntu, Dart, Python;Memperluas networking;ETH0, UINBUNTU, FUN JAVA, GDSC, DSE, ONTAKI;30;50;20;10;30;30;30;40;40;50
Mahasiswa 127;Linux;Pemograman Web, Pemograman Mobile, Pemograman Java, Data Science, Teknologi Google, Linux, UI/UX;Tim Besar: membuat kegiatan seperti seminar, workshop dll;PHP, HTML, CSS, Java, C++, C#, Unity, Ubuntu, Blender, Dart, Python, Linux;Untuk belajar lebih jauh mengenai materi yang d berikan;FUN JAVA;20;30;30;30;30;20;40;40;30;50
Mahasiswa 128;Pemograman Web;Pemograman Web, Pemograman Mobile, Pemograman Java;Tim Besar: membuat kegiatan seperti seminar, workshop dll;PHP, Cloud;Untuk menambah pengalaman dan relasi, menambah ilmu;MOCAP, WEBONDER, MAMUD, ETH0;30;50;20;30;20;50;20;40;40;40
Mahasiswa 129;Jaringan;Pemograman Web, Pemograman Mobile, Pemograman Java, Multimedia, Jaringan, UI/UX;Tim Besar: membuat kegiatan seperti seminar, workshop dll;PHP, HTML, CSS, Javascript, Figma, Cloud, Python;Ingin mendapatkan lingkungan yang memeiliki mimpi yang sama dan minat yang sama;MOCAP, MAMUD, GDSC, ONTAKI;30;40;20;10;20;30;10;50;30;50
Mahasiswa 130;UI/UX;Pemograman Web, Pemograman Mobile, Pemograman Java, Multimedia, Data Science, Jaringan, Teknologi Google, Linux, UI/UX;Tim Besar: membuat kegiatan seperti seminar, workshop dll;Python;Menambah relasi & pengetahuan di bidang terkait ;ETH0, UINBUNTU, FUN JAVA, GDSC, DSE, ONTAKI;30;40;40;40;50;30;20;50;30;20
Mahasiswa 131;UI/UX;Pemograman Web, Pemograman Mobile, Pemograman Java, Multimedia, Data Science, Jaringan;Tim Besar: membuat kegiatan seperti seminar, workshop dll;PHP, HTML, CSS, Javascript, Java, Dart;Menambah pengalaman dan mendalami skill yang ingin diasah;MOCAP, GDSC, DSE, ONTAKI;10;30;50;30;50;10;20;50;30;20
Mahasiswa 132;Linux;Pemograman Web, Pemograman Mobile, Pemograman Java, Data Science, UI/UX;Tim Kecil: Lebih ke proyek-proyek tertentu;PHP, HTML, CSS, Javascript, Java, Kotlin, Dart, Python;Dengan kemajuan teknologi pemahaman akan pengetahuan tersebut sangat penting di kehidupan ini;MOCAP, WEBONDER;20;40;20;40;20;50;40;30;40;50
Mahasiswa 133;Multimedia;Pemograman Web, Pemograman Mobile, Pemograman Java, Multimedia, Data Science, Jaringan;Tim Kecil: Lebih ke proyek-proyek tertentu;PHP, Python;Mencari peluang untuk memperlebar koneksi ke developer handal;WEBONDER, ETH0, ONTAKI;30;30;20;50;30;20;20;50;40;50
Mahasiswa 134;Linux;Pemograman Web, Data Science, UI/UX;Tim Kecil: Lebih ke proyek-proyek tertentu;PHP, HTML, CSS, Javascript;Untuk mendapatkan pengalaman baru serta belajar tanggung jawab;DSE;40;40;20;10;20;40;40;40;30;50
Mahasiswa 135;Jaringan;Pemograman Web, Data Science, UI/UX;Tim Besar: membuat kegiatan seperti seminar, workshop dll;PHP, HTML, CSS, Javascript, Figma, Cloud;Untuk mendapatkan pengalaman baru serta belajar tanggung jawab;MOCAP, GDSC, DSE, ONTAKI;40;50;40;30;20;30;30;40;30;50
Mahasiswa 136;Robotik;Pemograman Web, Data Science;Tim Besar: membuat kegiatan seperti seminar, workshop dll;PHP, HTML, CSS, Figma, Blender, Python, Linux;Belajar lebih dalam;WEBONDER, MAMUD, ETH0;30;50;20;50;20;20;40;50;40;30
Mahasiswa 137;Pemograman Mobile;,;Tim Besar: membuat kegiatan seperti seminar, workshop dll;Java, Figma;Mencari ilmu baru;MOCAP, DSE;10;20;20;30;30;50;40;50;40;40
Mahasiswa 138;Data Science;Pemograman Web, Pemograman Mobile, Data Science;Tim Besar: membuat kegiatan seperti seminar, workshop dll;HTML, CSS, Figma, Python;Untuk memperdalam keilmuan di bidang IT ;MOCAP, WEBONDER, GDSC;20;30;20;10;40;10;30;40;10;50
Mahasiswa 139;Pemograman Mobile;Pemograman Web, Pemograman Mobile, Pemograman Java, Multimedia, Data Science, Robotik, Jaringan, Linux;Tim Kecil: Lebih ke proyek-proyek tertentu;PHP, HTML, Figma;Mengembangkan keahlian dan mendapatkan pengalam dan ilmu;MOCAP, DSE;40;40;20;10;30;10;20;50;40;50
Mahasiswa 140;Robotik;Pemograman Web, Pemograman Mobile, Pemograman Java;Tim Besar: membuat kegiatan seperti seminar, workshop dll;PHP, HTML, Figma;mrnambah ilmu;ONTAKI;30;20;20;50;40;10;40;40;40;20
Mahasiswa 141;Robotik;Pemograman Web, Data Science;Tim Kecil: Lebih ke proyek-proyek tertentu;Dart, Python;Mencari ilmu baru;MOCAP, GDSC;20;20;20;30;30;30;40;50;30;40
Mahasiswa 142;Pemograman Web;Pemograman Web, Pemograman Mobile, Pemograman Java, Multimedia, Data Science, UI/UX;Tim Kecil: Lebih ke proyek-proyek tertentu;PHP, HTML, CSS, Javascript, Figma;Mempelajari ilmu baru di luar perkuliahan dengan teman-teman;MOCAP, MAMUD, GDSC, ONTAKI;30;50;20;30;40;30;10;40;20;50
Mahasiswa 143;Linux;Pemograman Mobile;Tim Besar: membuat kegiatan seperti seminar, workshop dll;Python;Untuk memperdalam keilmuan di bidang IT ;MOCAP, MAMUD, GDSC, ONTAKI;40;20;40;10;50;50;40;40;40;50
Mahasiswa 144;Pemograman Web;Data Science, Teknologi Google;Tim Kecil: Lebih ke proyek-proyek tertentu;PHP, HTML, CSS, Javascript, Cloud, Linux, Golang;Menambah teman;ETH0, GDSC;30;50;20;50;40;30;40;40;10;30
Mahasiswa 145;Robotik;Robotik;Tim Kecil: Lebih ke proyek-proyek tertentu;PHP, Cloud;Untuk belajar lebih jauh mengenai materi yang d berikan;MOCAP, MAMUD, GDSC, ONTAKI;40;30;40;50;40;10;10;40;30;40
Mahasiswa 146;Data Science;Data Science;Tim Kecil: Lebih ke proyek-proyek tertentu;Java, C#, Dart, Python;Untuk belajar lebih jauh mengenai materi yang d berikan;MOCAP, WEBONDER, DSE;20;40;40;10;40;10;20;50;40;20
Mahasiswa 147;Teknologi Google;Pemograman Web, Pemograman Mobile, Pemograman Java, Jaringan, Linux, UI/UX;Tim Besar: membuat kegiatan seperti seminar, workshop dll;PHP, Figma, Kotlin, Dart, Cloud, Python, Golang;Ingin menambah wawasan dan menambah ilmu untuk mengembangkan diri;MOCAP;40;30;10;50;50;30;20;10;40;50
Mahasiswa 148;Pemograman Web;Robotik;Tim Besar: membuat kegiatan seperti seminar, workshop dll;PHP, HTML, CSS, Javascript, Java, Dart;Memperluas networking;WEBONDER, ETH0, FUN JAVA;40;50;40;30;40;30;20;40;20;50
Mahasiswa 149;Pemograman Web;Pemograman Web, Pemograman Mobile, Pemograman Java;Tim Kecil: Lebih ke proyek-proyek tertentu;HTML, CSS, Figma, Python;Dengan mengikuti komunitas, bisa membantu saya mengembangkan skill;MOCAP, WEBONDER, GDSC;30;20;50;10;20;30;50;10;40;30
Mahasiswa 150;Linux;Robotik;Tim Besar: membuat kegiatan seperti seminar, workshop dll;Python;Pengetahuan dalam dunia kerja dan informasi penting (Loker atau Pengetahuan) terbaru di bidang yang diminati;ETH0, UINBUNTU, FUN JAVA, GDSC, DSE, ONTAKI;30;40;40;30;40;20;10;30;40;20
Mahasiswa 151;Linux;Pemograman Web;Tim Kecil: Lebih ke proyek-proyek tertentu;Dart, Python;Menambah pengalaman ;WEBONDER, GDSC;50;30;20;40;40;10;30;40;30;20
Mahasiswa 152;Robotik;Pemograman Web, Pemograman Mobile, Pemograman Java, Data Science, Teknologi Google, Linux, UI/UX;Tim Besar: membuat kegiatan seperti seminar, workshop dll;PHP, HTML, CSS, Javascript, Java, Figma;Ingin menambah ilmu mengenai bidang yang saya tekuni ;ETH0;40;30;10;50;30;30;50;40;40;40
Mahasiswa 153;Multimedia;Pemograman Web, Pemograman Mobile, Pemograman Java, Multimedia, Data Science, Robotik, Jaringan, Linux;Tim Kecil: Lebih ke proyek-proyek tertentu;PHP, HTML, Figma;menambah relasi;MOCAP, WEBONDER;10;30;20;50;30;30;50;40;20;40
Mahasiswa 154;Multimedia;Pemograman Web, Pemograman Java, Multimedia, Data Science, Linux, UI/UX;Tim Kecil: Lebih ke proyek-proyek tertentu;PHP, HTML, CSS, Javascript, Figma;Pengalaman ,relasi ,dan pengetahuan;MOCAP, GDSC;40;20;50;10;40;20;20;50;30;30
Mahasiswa 155;Multimedia;Pemograman Java, Jaringan, UI/UX;Tim Besar: membuat kegiatan seperti seminar, workshop dll;HTML, CSS, Figma, Python;Ingin menambah ilmu yang sebelumnya sudah saya dapat di sma;MOCAP, UINBUNTU, ONTAKI;40;30;50;30;30;30;50;40;40;50
Mahasiswa 156;Data Science;Pemograman Web, Pemograman Java, Multimedia, Linux, UI/UX;Tim Besar: membuat kegiatan seperti seminar, workshop dll;Javascript, Figma;Bergabung dalam komunitas akademik di TI UIN memberikan kesempatan untuk mendapatkan pengetahuan mendalam tentang bidang Teknologi Informasi. Melalui mata kuliah, seminar, dan proyek kolaboratif, anggota komunitas dapat terus belajar dan mengembangkan keterampilan mereka;DSE;20;40;30;50;40;30;50;30;30;40
Mahasiswa 157;Robotik;Multimedia;Tim Besar: membuat kegiatan seperti seminar, workshop dll;PHP, HTML, CSS, Javascript, Cloud, Linux, Golang;Menambah pengalaman dan mendalami skill yang ingin diasah;DSE;20;40;20;30;50;30;40;40;30;30
Mahasiswa 158;Data Science;Pemograman Mobile, Teknologi Google, UI/UX;Tim Kecil: Lebih ke proyek-proyek tertentu;Java, C++, C#, Unity, Kotlin;Untuk mendapatkan pengalaman baru serta belajar tanggung jawab;ETH0;30;30;10;30;20;10;40;50;40;20
Mahasiswa 159;Teknologi Google;Pemograman Web, Pemograman Java, Multimedia, Linux, UI/UX;Tim Kecil: Lebih ke proyek-proyek tertentu;PHP, HTML, Figma;Ingin menambah wawasan dan menambah ilmu untuk mengembangkan diri;WEBONDER, ETH0;40;50;20;10;40;30;30;30;20;50
Mahasiswa 160;Linux;,;Tim Besar: membuat kegiatan seperti seminar, workshop dll;PHP, CSS, Javascript, Cloud, Linux, Golang;Untuk memperdalam keilmuan di bidang IT ;MOCAP, ONTAKI;20;50;30;30;30;50;50;50;20;40
Mahasiswa 161;Pemograman Mobile;Pemograman Web, Pemograman Mobile, Data Science;Tim Kecil: Lebih ke proyek-proyek tertentu;PHP, HTML, CSS, Javascript, Figma, Ubuntu, Kotlin, Dart, Cloud, Linux, Golang;Belajar lebih dalam;WEBONDER, ETH0, FUN JAVA;30;30;40;50;30;30;10;40;10;50
Mahasiswa 162;Teknologi Google;Pemograman Web, Pemograman Mobile, Pemograman Java, Multimedia, Data Science, UI/UX;Tim Kecil: Lebih ke proyek-proyek tertentu;PHP, HTML, CSS, C#, Figma, Dart, Cloud, Python;Dengan mengikuti komunitas, bisa membantu saya mengembangkan skill;WEBONDER, ETH0;30;50;40;50;40;10;10;40;40;40
Mahasiswa 163;Data Science;Pemograman Mobile, Pemograman Java, Data Science;Tim Besar: membuat kegiatan seperti seminar, workshop dll;Dart, Python;Menambah insight baru ;MOCAP, WEBONDER, DSE;30;20;20;30;40;20;40;40;30;50
Mahasiswa 164;Pemograman Web;Pemograman Web, Pemograman Mobile, Data Science;Tim Kecil: Lebih ke proyek-proyek tertentu;PHP, HTML, CSS, Javascript, Java, Kotlin, Dart, Python;Ingin menambah pengalaman yang lebih serta dapat mendapatkan relasi yang lebih positif ;ETH0, GDSC, DSE;30;20;40;10;20;30;20;40;40;30
Mahasiswa 165;Jaringan;UI/UX;Tim Kecil: Lebih ke proyek-proyek tertentu;PHP, HTML, CSS, Javascript, Cloud, Linux, Golang;Mencari peluang untuk memperlebar koneksi ke developer handal;ETH0;40;40;40;10;40;50;40;40;40;50
Mahasiswa 166;Multimedia;Data Science;Tim Kecil: Lebih ke proyek-proyek tertentu;Java, Figma;Menambah relasi & pengetahuan di bidang terkait ;MOCAP, WEBONDER, MAMUD, ETH0;40;20;40;40;30;10;40;40;10;20
Mahasiswa 167;Teknologi Google;Pemograman Web, Pemograman Mobile, Pemograman Java, Multimedia, Data Science, Robotik, Jaringan, Linux, UI/UX;Tim Kecil: Lebih ke proyek-proyek tertentu;Java, Figma;Bergabung dalam komunitas akademik di TI UIN memberikan kesempatan untuk mendapatkan pengetahuan mendalam tentang bidang Teknologi Informasi. Melalui mata kuliah, seminar, dan proyek kolaboratif, anggota komunitas dapat terus belajar dan mengembangkan keterampilan mereka;ETH0;30;50;20;40;20;10;40;40;40;20
Mahasiswa 168;Multimedia;Pemograman Mobile, Teknologi Google, UI/UX;Tim Kecil: Lebih ke proyek-proyek tertentu;PHP, Figma, Kotlin, Dart, Cloud, Python, Golang;Menambah ilmu;UINUX;50;40;50;50;20;30;20;40;20;40
Mahasiswa 169;Data Science;Pemograman Mobile, Pemograman Java, Teknologi Google, Linux, UI/UX;Tim Kecil: Lebih ke proyek-proyek tertentu;HTML, CSS, Figma, Blender, Python;Mengembangkan keahlian dan mendapatkan pengalam dan ilmu;MOCAP, DSE;40;40;10;10;20;50;10;50;40;30
Mahasiswa 170;Multimedia;Pemograman Web, Data Science, UI/UX;Tim Kecil: Lebih ke proyek-proyek tertentu;PHP, HTML, CSS, Figma, Blender, Python, Linux;Karena ingin menambah teman dan mempelajari ilmu baru;ONTAKI;40;30;50;30;40;40;40;40;40;50
Mahasiswa 171;Pemograman Mobile;UI/UX;Tim Kecil: Lebih ke proyek-proyek tertentu;PHP, HTML, CSS, Java, C++, C#, Unity, Ubuntu, Blender, Dart, Python, Linux;Menambah pengalaman ;MOCAP, MAMUD, GDSC, ONTAKI;30;50;10;30;30;20;20;10;30;40
Mahasiswa 172;Multimedia;Pemograman Mobile;Tim Kecil: Lebih ke proyek-proyek tertentu;Kotlin, Dart, Python;Mempelajari ilmu baru di luar perkuliahan dengan teman-teman;FUN JAVA;40;40;40;50;40;30;40;50;10;40
Mahasiswa 173;Multimedia;Pemograman Web, Pemograman Java, Data Science;Tim Kecil: Lebih ke proyek-proyek tertentu;HTML;mrnambah ilmu;MOCAP, UINBUNTU, ONTAKI;30;40;40;30;30;30;50;10;40;50
Mahasiswa 174;Jaringan;Pemograman Web, Pemograman Mobile, Pemograman Java, Multimedia, Data Science, Robotik, Jaringan, Teknologi Google, Linux, UI/UX;Tim Besar: membuat kegiatan seperti seminar, workshop dll;PHP, CSS, Javascript, Cloud, Linux, Golang;Mengembangkan skill dan menambah wawasan;ETH0, GDSC;20;30;20;30;40;50;40;50;30;20
Mahasiswa 175;UI/UX;Pemograman Web, Data Science;Tim Kecil: Lebih ke proyek-proyek tertentu;PHP, HTML, CSS, Javascript, Cloud, Linux, Golang;Karena ingin menambah teman dan mempelajari ilmu baru;MOCAP, DSE;40;40;40;30;50;30;10;50;30;20
Mahasiswa 176;Multimedia;Pemograman Web, Pemograman Mobile, Data Science;Tim Besar: membuat kegiatan seperti seminar, workshop dll;HTML, CSS, Java, C++, C#, Blender;Menambah ilmu;ETH0, GDSC;40;40;40;30;20;20;30;50;30;40
Mahasiswa 177;Teknologi Google;Pemograman Web, Pemograman Mobile, Pemograman Java, Multimedia, Robotik, Jaringan, Teknologi Google, Linux, UI/UX;Tim Kecil: Lebih ke proyek-proyek tertentu;PHP, HTML, CSS, Javascript, Figma, Cloud, Python;Menambah pengalaman dan mendalami skill yang ingin diasah;MOCAP, ONTAKI;20;20;50;40;30;20;40;50;40;50
Mahasiswa 178;Linux;Pemograman Web, Pemograman Java, Multimedia, Linux, UI/UX;Tim Kecil: Lebih ke proyek-proyek tertentu;Javascript, Unity, Ubuntu;Ingin mendapatkan lingkungan yang memeiliki mimpi yang sama dan minat yang sama;MOCAP, MAMUD, GDSC, ONTAKI;30;50;10;50;40;10;40;30;40;20
Mahasiswa 179;Jaringan;Pemograman Mobile, Pemograman Java, Teknologi Google, Linux, UI/UX;Tim Besar: membuat kegiatan seperti seminar, workshop dll;Kotlin, Dart, Python;Dengan mengikuti komunitas, bisa membantu saya mengembangkan skill;MOCAP, ONTAKI;20;40;40;50;30;20;40;50;40;30
Mahasiswa 180;Pemograman Web;Pemograman Web, Pemograman Mobile, Pemograman Java, Multimedia, Data Science, Linux, UI/UX;Tim Kecil: Lebih ke proyek-proyek tertentu;PHP, HTML, Java, C++, Figma, Ubuntu, Kotlin, Dart, Cloud, Python, Linux, Golang;Ingin menambah ilmu mengenai bidang yang saya tekuni ;MOCAP, UINBUNTU, ONTAKI;30;50;20;40;40;30;20;10;30;50
Mahasiswa 181;Pemograman Web;Pemograman Web, Pemograman Mobile, Pemograman Java, Multimedia, Jaringan, UI/UX;Tim Besar: membuat kegiatan seperti seminar, workshop dll;PHP, HTML, CSS, Java, C++, C#, Unity, Ubuntu, Blender, Dart, Python, Linux;Belajar lebih dalam;WEBONDER, ETH0, FUN JAVA;30;40;40;30;30;50;20;40;40;20
Mahasiswa 182;Teknologi Google;Pemograman Web, Pemograman Java, Multimedia, Data Science, Linux, UI/UX;Tim Besar: membuat kegiatan seperti seminar, workshop dll;Java, Figma;Menambah wawasan dan teman, serta menambah sesuatu di Linkedin;FUN JAVA;50;20;20;50;20;50;20;40;20;30
Mahasiswa 183;Linux;Pemograman Web, Pemograman Mobile, Pemograman Java, Jaringan, Linux, UI/UX;Tim Besar: membuat kegiatan seperti seminar, workshop dll;PHP, HTML, CSS, Javascript, Figma, Cloud, Python;Menambah teman;MOCAP, UINBUNTU, ONTAKI;30;20;20;30;40;30;40;40;20;20
Mahasiswa 184;UI/UX;Pemograman Web, Pemograman Mobile, Pemograman Java, Multimedia, Data Science, Linux, UI/UX;Tim Kecil: Lebih ke proyek-proyek tertentu;PHP, HTML, CSS, Javascript, Java, Kotlin, Dart, Python;Memperluas networking;MOCAP, WEBONDER, DSE;40;20;30;10;40;30;40;50;40;50
Mahasiswa 185;Linux;Pemograman Mobile, Pemograman Java, Teknologi Google, Linux, UI/UX;Tim Kecil: Lebih ke proyek-proyek tertentu;PHP, HTML, CSS, Javascript, Figma, Ubuntu, Kotlin, Dart, Cloud, Linux, Golang;Mengembangkan skill dan menambah wawasan;MOCAP, WEBONDER, GDSC;50;30;20;30;50;10;40;50;40;50
Mahasiswa 186;Linux;Pemograman Web, Pemograman Mobile, Pemograman Java;Tim Kecil: Lebih ke proyek-proyek tertentu;Java, Figma;menambah relasi;WEBONDER, ETH0, FUN JAVA;30;20;40;20;40;10;50;50;40;20
Mahasiswa 187;Data Science;Pemograman Java, Jaringan, UI/UX;Tim Besar: membuat kegiatan seperti seminar, workshop dll;Javascript, Python, Golang;Pengetahuan dalam dunia kerja dan informasi penting (Loker atau Pengetahuan) terbaru di bidang yang diminati;MOCAP, UINBUNTU, ONTAKI;20;40;50;30;30;10;40;40;20;40
Mahasiswa 188;Jaringan;Pemograman Web, Pemograman Mobile, Pemograman Java, Multimedia, Data Science, Jaringan, Linux;Tim Kecil: Lebih ke proyek-proyek tertentu;HTML, CSS, Figma, Blender, Python;Nambah ilmu dan pengalaman. Nambah relasi;MOCAP, WEBONDER;40;30;40;10;50;30;20;50;30;50
Mahasiswa 189;Jaringan;Multimedia;Tim Besar: membuat kegiatan seperti seminar, workshop dll;Javascript, C#, Figma, Unity, Blender, Kotlin;Ingin meningkatkan softskill maupun hardskill yang bisa menunjang karir;DSE;20;30;40;20;30;50;20;50;20;20
Mahasiswa 190;UI/UX;Pemograman Web, Data Science, UI/UX;Tim Besar: membuat kegiatan seperti seminar, workshop dll;PHP, HTML, CSS, C#, Figma, Dart, Cloud, Python;Ingin menambah ilmu yang sebelumnya sudah saya dapat di sma;MOCAP, WEBONDER, MAMUD, ETH0;30;40;40;30;40;30;40;40;30;20
Mahasiswa 191;Teknologi Google;Pemograman Web, Pemograman Mobile, Pemograman Java, Multimedia, Robotik, Jaringan, Teknologi Google, Linux, UI/UX;Tim Besar: membuat kegiatan seperti seminar, workshop dll;Java, Figma;Menambah wawasan dan teman, serta menambah sesuatu di Linkedin;MAMUD;20;40;20;30;30;50;40;40;30;20
Mahasiswa 192;Data Science;Jaringan;Tim Kecil: Lebih ke proyek-proyek tertentu;PHP, HTML, CSS, Javascript, Figma;Dengan mengikuti komunitas, bisa membantu saya mengembangkan skill;MOCAP;30;50;10;30;30;10;10;40;40;40
Mahasiswa 193;Jaringan;Pemograman Web, Pemograman Mobile, Pemograman Java, Data Science, UI/UX;Tim Besar: membuat kegiatan seperti seminar, workshop dll;C++, C#, Figma, Ubuntu, Cloud, Linux, Golang;Pengalaman ,relasi ,dan pengetahuan;ETH0, GDSC, DSE;10;50;40;30;30;50;20;40;40;20
Mahasiswa 194;Pemograman Web;Pemograman Mobile;Tim Besar: membuat kegiatan seperti seminar, workshop dll;HTML, CSS, Figma, Blender, Python;menambah wawasan saya dan koneksi antar anggota;FUN JAVA;30;30;20;30;30;10;40;40;40;20
Mahasiswa 195;Linux;Pemograman Web, Pemograman Mobile, Pemograman Java, Multimedia, Data Science, Jaringan, Teknologi Google, Linux, UI/UX;Tim Kecil: Lebih ke proyek-proyek tertentu;PHP, HTML, CSS, Javascript, Figma, Cloud, Python;Menambah relasi & pengetahuan di bidang terkait ;MOCAP, GDSC, DSE, ONTAKI;40;40;20;30;40;40;40;40;40;30
Mahasiswa 196;Robotik;Robotik;Tim Kecil: Lebih ke proyek-proyek tertentu;PHP, Python;Ingin menambah pengalaman yang lebih serta dapat mendapatkan relasi yang lebih positif ;FUN JAVA;30;20;10;30;30;40;20;50;40;20
Mahasiswa 197;Linux;Pemograman Web, Pemograman Mobile, Pemograman Java;Tim Kecil: Lebih ke proyek-proyek tertentu;PHP, HTML, CSS, Javascript, Figma, Cloud;Untuk membantu saya dalam minat saya di bidang bioinformatika ;FUN JAVA;30;40;20;30;50;10;20;40;30;50
Mahasiswa 198;Jaringan;Pemograman Web, Pemograman Mobile, Pemograman Java, Multimedia, Jaringan, UI/UX;Tim Besar: membuat kegiatan seperti seminar, workshop dll;HTML;Menambah relasi untuk membantu memudahkan memahami tugas kuliah;ETH0, GDSC;40;40;20;10;30;10;40;50;40;30
Mahasiswa 199;Data Science;Pemograman Web, Pemograman Mobile, Pemograman Java, Multimedia, Data Science, Jaringan, Teknologi Google, Linux, UI/UX;Tim Besar: membuat kegiatan seperti seminar, workshop dll;PHP, CSS, Javascript, Cloud, Linux, Golang;Menambah pengalaman ;ETH0;40;30;40;30;20;40;40;40;40;20
Mahasiswa 200;Multimedia;Pemograman Web, Data Science, UI/UX;Tim Besar: membuat kegiatan seperti seminar, workshop dll;PHP, HTML, Java, C++, Figma, Ubuntu, Kotlin, Dart, Cloud, Python, Linux, Golang;Mencari ilmu baru;WEBONDER, ETH0;40;20;40;30;40;50;30;40;40;40
