Mahasiswa,Timestamp,passion,pengetahuan_sebelumnya,tim,skill,motivasi,komunitas_diikuti,Rating [MOCAP],Rating  [WEBONDER],Rating[UINUX],Rating [MAMUD],Rating[ETH0],Rating [UINBUNTU],Rating [FUN JAVA],Rating[GDSC],Rating  [DSE],Rating [ONTAKI],Email Address
Mahasiswa 40,10/13/2023 4:11:43,Teknologi Google,"Pemograman Web, Pemograman Mobile, Pemograman Java, Jaringan, Linux, UI/UX","Tim Besar: membuat kegiatan seperti seminar, workshop dll","Java, Figma",Memperluas networking,DSE,3.0,5.0,2.0,5.0,2.0,3.0,1.0,5.0,4.0,4.0,
Mahasiswa 18,2/8/2024 17:22:54,Data Science,"Pemograman Web, Pemograman Mobile, Pemograman Java, Multimedia, Data Science, Jaringan",Tim Kecil: Lebih ke proyek-proyek tertentu,"Javascript, C#, Figma, Unity, Blender, Kotlin",Mencari ilmu baru,"MOCAP, UINBUNTU, ONTAKI",2.0,3.0,4.0,1.0,4.0,3.0,2.0,5.0,4.0,4.0,
Mahasiswa 23,2/5/2024 16:58:01,UI/UX,",",Tim Kecil: Lebih ke proyek-proyek tertentu,"Python, Golang",Menambah ilmu,"WEBONDER, ETH0, ONTAKI",3.0,4.0,2.0,3.0,3.0,5.0,1.0,4.0,3.0,3.0,
Mahasiswa 45,2/6/2024 13:14:22,Teknologi Google,"Pemograman Web, Pemograman Mobile, Pemograman Java, Multimedia, Data Science, Linux, UI/UX","Tim Besar: membuat kegiatan seperti seminar, workshop dll","C++, C#, Figma, Ubuntu, Cloud, Linux, Golang","Selain mengisi waktu luang, juga ingin menambah pengetahuan tentang teknologi yang terkait dengan komunitas tsb.",ONTAKI,3.0,2.0,2.0,5.0,3.0,5.0,4.0,4.0,4.0,4.0,
Mahasiswa 9,10/12/2023 23:33:04,Jaringan,Pemograman Mobile,"Tim Besar: membuat kegiatan seperti seminar, workshop dll","Kotlin, Dart, Python",Untuk mendapatkan lebih banyak ilmu dari komunitas tersebut sehingga dapat menambah pengetahuan dalam bidang yang saya minati,ETH0,4.0,4.0,2.0,3.0,5.0,5.0,2.0,4.0,4.0,2.0,
Mahasiswa 2,2/5/2024 17:20:34,Pemograman Mobile,"Pemograman Web, Pemograman Mobile, Pemograman Java, Data Science, UI/UX","Tim Besar: membuat kegiatan seperti seminar, workshop dll","PHP, HTML, Java, C++, Figma, Ubuntu, Kotlin, Dart, Cloud, Python, Linux, Golang",Ingin menambah ilmu mengenai bidang yang saya tekuni ,"MOCAP, MAMUD, GDSC, ONTAKI",5.0,4.0,2.0,5.0,2.0,4.0,1.0,5.0,3.0,3.0,
Mahasiswa 7,2/5/2024 16:59:16,Multimedia,"Pemograman Web, Pemograman Mobile, Pemograman Java, Multimedia, Data Science, Jaringan, Linux","Tim Besar: membuat kegiatan seperti seminar, workshop dll",HTML,"Untuk menambah pengalaman dan relasi, menambah ilmu","WEBONDER, ETH0, ONTAKI",3.0,5.0,4.0,5.0,3.0,4.0,2.0,4.0,3.0,4.0,
Mahasiswa 33,10/12/2023 23:33:04,Jaringan,"Pemograman Web, Pemograman Mobile, Pemograman Java, Multimedia, Data Science, Robotik, Jaringan, Linux, UI/UX","Tim Besar: membuat kegiatan seperti seminar, workshop dll","PHP, HTML, CSS, Javascript, Figma, Cloud",Menekuni bakat dan minat,"MOCAP, GDSC, DSE, ONTAKI",2.0,4.0,3.0,1.0,5.0,3.0,2.0,1.0,4.0,2.0,
Mahasiswa 23,2/5/2024 19:30:29,Robotik,"Pemograman Mobile, Teknologi Google, UI/UX",Tim Kecil: Lebih ke proyek-proyek tertentu,"PHP, HTML, CSS, Javascript, Java, Kotlin, Dart, Python",Ingin menambah pengalaman yang lebih serta dapat mendapatkan relasi yang lebih positif ,"ETH0, UINBUNTU, FUN JAVA, GDSC, DSE, ONTAKI",3.0,3.0,4.0,3.0,4.0,1.0,2.0,4.0,4.0,5.0,
Mahasiswa 24,2/6/2024 11:56:37,Teknologi Google,"Pemograman Web, Pemograman Mobile, Pemograman Java, Multimedia, Jaringan, UI/UX","Tim Besar: membuat kegiatan seperti seminar, workshop dll","HTML, CSS, Java, C++, C#, Blender",Untuk mendapatkan lebih banyak ilmu dari komunitas tersebut sehingga dapat menambah pengetahuan dalam bidang yang saya minati,"MOCAP, WEBONDER, DSE",4.0,4.0,3.0,2.0,2.0,1.0,2.0,4.0,3.0,3.0,
Mahasiswa 29,10/13/2023 4:02:22,Pemograman Web,"Pemograman Web, Data Science, UI/UX","Tim Besar: membuat kegiatan seperti seminar, workshop dll","HTML, Javascript, C++, Python, Linux",Menambah teman,"MOCAP, DSE",3.0,3.0,2.0,5.0,5.0,1.0,5.0,4.0,4.0,4.0,
Mahasiswa 10,2/10/2024 0:03:56,Jaringan,"Pemograman Web, Pemograman Mobile, Pemograman Java, Data Science, UI/UX","Tim Besar: membuat kegiatan seperti seminar, workshop dll","Figma, Ubuntu, Dart, Python",Menekuni bakat dan minat,"MOCAP, MAMUD, GDSC, ONTAKI",3.0,5.0,3.0,3.0,4.0,3.0,4.0,4.0,2.0,4.0,
Mahasiswa 34,2/8/2024 18:04:59,Pemograman Web,"Pemograman Web, Pemograman Java, Multimedia, Linux, UI/UX","Tim Besar: membuat kegiatan seperti seminar, workshop dll","PHP, HTML, Figma",Menambah relasi untuk membantu memudahkan memahami tugas kuliah,"WEBONDER, ETH0",4.0,3.0,2.0,3.0,5.0,3.0,2.0,4.0,3.0,2.0,
Mahasiswa 26,2/5/2024 16:43:32,Jaringan,Pemograman Java,"Tim Besar: membuat kegiatan seperti seminar, workshop dll","PHP, HTML, CSS, Java, C++, C#, Unity, Ubuntu, Blender, Dart, Python, Linux","Menambahkan cerita dalam pengalaman hidup, menambah relasi pertemanan ","MOCAP, UINBUNTU, ONTAKI",3.0,5.0,3.0,3.0,2.0,3.0,4.0,4.0,4.0,2.0,
Mahasiswa 24,2/5/2024 16:43:26,Linux,Robotik,Tim Kecil: Lebih ke proyek-proyek tertentu,"Javascript, Python, Golang",Ingin mempelajari lebih dalam tentang ilmu ilmunya,"MOCAP, GDSC",3.0,3.0,4.0,4.0,4.0,3.0,5.0,5.0,4.0,1.0,
Mahasiswa 12,10/13/2023 4:02:22,Linux,"Pemograman Web, Pemograman Mobile, Pemograman Java, Data Science, UI/UX","Tim Besar: membuat kegiatan seperti seminar, workshop dll","PHP, HTML, CSS, Javascript, Figma, Cloud, Python",Ingin menambah wawasan dan menambah ilmu untuk mengembangkan diri,DSE,4.0,4.0,2.0,3.0,4.0,3.0,5.0,4.0,3.0,4.0,
Mahasiswa 26,2/13/2024 10:19:41,Linux,"Pemograman Web, Pemograman Mobile, Pemograman Java, Multimedia, Data Science, UI/UX",Tim Kecil: Lebih ke proyek-proyek tertentu,"Javascript, Python, Golang",Mempelajari ilmu baru di luar perkuliahan dengan teman-teman,"ETH0, UINBUNTU, FUN JAVA, GDSC, DSE, ONTAKI",3.0,2.0,1.0,3.0,3.0,3.0,4.0,5.0,4.0,2.0,
Mahasiswa 26,2/5/2024 18:44:46,Pemograman Web,Pemograman Mobile,"Tim Besar: membuat kegiatan seperti seminar, workshop dll","PHP, Figma, Kotlin, Dart, Cloud, Python, Golang",Karena ingin ahli dalam skill yang saya inginkan,FUN JAVA,3.0,5.0,4.0,3.0,2.0,3.0,4.0,4.0,4.0,4.0,
Mahasiswa 15,10/13/2023 7:59:19,Jaringan,"Pemograman Web, Pemograman Mobile, Pemograman Java, Teknologi Google, UI/UX",Tim Kecil: Lebih ke proyek-proyek tertentu,"Javascript, Python, Golang",Untuk membantu saya dalam minat saya di bidang bioinformatika ,"MOCAP, UINBUNTU, ONTAKI",4.0,5.0,5.0,3.0,2.0,4.0,5.0,3.0,3.0,5.0,
Mahasiswa 3,2/5/2024 19:36:15,Pemograman Web,"Pemograman Web, Pemograman Mobile, Pemograman Java, Data Science, Teknologi Google, Linux, UI/UX","Tim Besar: membuat kegiatan seperti seminar, workshop dll","HTML, CSS, Figma, Python",Ingin meningkatkan softskill maupun hardskill yang bisa menunjang karir,"WEBONDER, ETH0",2.0,4.0,4.0,5.0,5.0,5.0,1.0,4.0,4.0,5.0,
Mahasiswa 30,2/5/2024 16:53:20,Jaringan,"Pemograman Web, Pemograman Mobile, Pemograman Java",Tim Kecil: Lebih ke proyek-proyek tertentu,"Javascript, Unity, Ubuntu",Ingin mempelajari lebih dalam tentang ilmu ilmunya,"MOCAP, GDSC, DSE, ONTAKI",4.0,3.0,2.0,2.0,4.0,3.0,2.0,3.0,1.0,5.0,
Mahasiswa 27,2/6/2024 12:54:26,Linux,"Pemograman Web, Pemograman Mobile, Pemograman Java, Teknologi Google, UI/UX","Tim Besar: membuat kegiatan seperti seminar, workshop dll","Java, Figma, Kotlin, Dart, Python",Untuk mendapatkan pengalaman baru serta belajar tanggung jawab,"MOCAP, DSE",4.0,3.0,5.0,5.0,4.0,3.0,4.0,4.0,4.0,2.0,
Mahasiswa 28,2/5/2024 16:58:01,Robotik,"Pemograman Web, Pemograman Mobile, Pemograman Java, Multimedia, Data Science, Jaringan, Teknologi Google, Linux, UI/UX","Tim Besar: membuat kegiatan seperti seminar, workshop dll","Javascript, Python, Golang",Memperluas networking,MOCAP,3.0,4.0,4.0,3.0,2.0,3.0,4.0,4.0,3.0,5.0,
Mahasiswa 4,2/6/2024 13:14:22,UI/UX,"Pemograman Web, Pemograman Mobile, Pemograman Java, Data Science, Teknologi Google, Linux, UI/UX",Tim Kecil: Lebih ke proyek-proyek tertentu,"PHP, HTML, CSS, Javascript, Java, Figma",Belajar lebih dalam,"MOCAP, GDSC, DSE, ONTAKI",4.0,3.0,1.0,4.0,5.0,4.0,2.0,4.0,2.0,3.0,
Mahasiswa 24,2/6/2024 0:58:22,Pemograman Web,Robotik,Tim Kecil: Lebih ke proyek-proyek tertentu,"Javascript, Figma","Selain mengisi waktu luang, juga ingin menambah pengetahuan tentang teknologi yang terkait dengan komunitas tsb.",UINUX,3.0,4.0,1.0,1.0,2.0,3.0,1.0,4.0,4.0,3.0,
Mahasiswa 8,2/5/2024 20:03:51,Robotik,"Data Science, Teknologi Google","Tim Besar: membuat kegiatan seperti seminar, workshop dll","PHP, Python",Mempelajari ilmu baru di luar perkuliahan dengan teman-teman,"ETH0, UINBUNTU, FUN JAVA, GDSC, DSE, ONTAKI",4.0,4.0,1.0,4.0,4.0,3.0,3.0,5.0,2.0,4.0,
Mahasiswa 40,10/12/2023 22:47:01,Teknologi Google,"Pemograman Web, Pemograman Mobile, Pemograman Java, Jaringan, Linux, UI/UX",Tim Kecil: Lebih ke proyek-proyek tertentu,"PHP, HTML, CSS, Javascript, Cloud, Linux, Golang",Ingin menambah ilmu mengenai bidang yang saya tekuni ,"WEBONDER, ETH0, ONTAKI",3.0,4.0,5.0,5.0,2.0,2.0,2.0,4.0,3.0,3.0,
Mahasiswa 30,2/6/2024 5:15:00,Teknologi Google,"Pemograman Web, Pemograman Mobile, Pemograman Java, Teknologi Google, UI/UX","Tim Besar: membuat kegiatan seperti seminar, workshop dll","PHP, HTML, CSS, Javascript, Java, C++, C#, Figma, Unity, Ubuntu, Blender, Kotlin, Dart, Python, Linux",Menambah relasi untuk membantu memudahkan memahami tugas kuliah,"WEBONDER, ETH0",3.0,2.0,1.0,3.0,4.0,3.0,4.0,3.0,3.0,2.0,
Mahasiswa 25,2/8/2024 16:58:59,UI/UX,"Pemograman Web, Pemograman Java, Data Science",Tim Kecil: Lebih ke proyek-proyek tertentu,"Java, Figma",Menambah relasi untuk membantu memudahkan memahami tugas kuliah,"MOCAP, GDSC, DSE, ONTAKI",4.0,3.0,2.0,3.0,5.0,3.0,2.0,5.0,4.0,4.0,
Mahasiswa 24,2/9/2024 10:24:07,Pemograman Web,"Pemograman Web, Pemograman Mobile, Pemograman Java, Multimedia, Data Science, Jaringan, Linux",Tim Kecil: Lebih ke proyek-proyek tertentu,"Javascript, C#, Figma, Unity, Blender, Kotlin",Ingin mendapatkan lingkungan yang memeiliki mimpi yang sama dan minat yang sama,ONTAKI,3.0,4.0,4.0,1.0,3.0,3.0,4.0,5.0,3.0,3.0,
Mahasiswa 40,2/9/2024 10:24:07,UI/UX,"Pemograman Web, Pemograman Mobile, Pemograman Java, Multimedia, Data Science, Robotik, Jaringan, Teknologi Google, Linux, UI/UX","Tim Besar: membuat kegiatan seperti seminar, workshop dll","Java, Figma, Kotlin, Dart, Python",Karena ingin ahli dalam skill yang saya inginkan,UINUX,3.0,3.0,2.0,3.0,2.0,1.0,2.0,5.0,3.0,5.0,
Mahasiswa 40,2/8/2024 16:44:49,Multimedia,"Pemograman Web, Multimedia, Robotik, UI/UX",Tim Kecil: Lebih ke proyek-proyek tertentu,"Figma, Ubuntu, Dart, Python",Mencari peluang untuk memperlebar koneksi ke developer handal,"WEBONDER, GDSC",4.0,4.0,5.0,3.0,3.0,1.0,4.0,4.0,1.0,5.0,
Mahasiswa 17,2/5/2024 20:03:51,Jaringan,"Pemograman Web, Pemograman Mobile, Pemograman Java, Multimedia, Robotik, Jaringan, Teknologi Google, Linux, UI/UX","Tim Besar: membuat kegiatan seperti seminar, workshop dll","PHP, HTML, CSS, Javascript, Java, Figma, Unity, Blender, Dart, Python","Selain mengisi waktu luang, juga ingin menambah pengetahuan tentang teknologi yang terkait dengan komunitas tsb.",GDSC,5.0,2.0,1.0,3.0,4.0,3.0,2.0,5.0,3.0,3.0,
Mahasiswa 40,2/5/2024 16:42:49,Data Science,"Pemograman Web, Pemograman Mobile, Pemograman Java, Data Science, UI/UX",Tim Kecil: Lebih ke proyek-proyek tertentu,"PHP, HTML, CSS, Java, C++, C#, Unity, Ubuntu, Blender, Dart, Python, Linux",Memperluas networking,MAMUD,4.0,2.0,4.0,1.0,4.0,1.0,5.0,4.0,4.0,2.0,
Mahasiswa 3,2/6/2024 10:22:22,Robotik,Pemograman Java,Tim Kecil: Lebih ke proyek-proyek tertentu,"PHP, HTML, CSS, Javascript, Figma, Cloud",Mempelajari ilmu baru di luar perkuliahan dengan teman-teman,MOCAP,5.0,4.0,5.0,4.0,2.0,3.0,2.0,4.0,3.0,2.0,
Mahasiswa 35,2/5/2024 17:20:34,Robotik,UI/UX,Tim Kecil: Lebih ke proyek-proyek tertentu,"PHP, HTML, CSS, Javascript, Java, Figma",Mengembangkan keahlian dan mendapatkan pengalam dan ilmu,"WEBONDER, ETH0, ONTAKI",2.0,2.0,3.0,5.0,3.0,1.0,3.0,4.0,4.0,2.0,
Mahasiswa 6,2/6/2024 12:54:26,UI/UX,"Pemograman Mobile, Teknologi Google, UI/UX","Tim Besar: membuat kegiatan seperti seminar, workshop dll","Figma, Ubuntu, Dart, Python",mrnambah ilmu,"MOCAP, GDSC",4.0,4.0,1.0,1.0,3.0,1.0,4.0,5.0,4.0,5.0,
Mahasiswa 28,2/5/2024 17:20:34,Pemograman Web,"Pemograman Web, Pemograman Mobile, Pemograman Java, Multimedia, Jaringan, UI/UX","Tim Besar: membuat kegiatan seperti seminar, workshop dll","Dart, Python",Memperdalam ilmu coding,"MOCAP, WEBONDER, DSE",2.0,5.0,2.0,4.0,4.0,3.0,2.0,4.0,1.0,4.0,
Mahasiswa 28,2/5/2024 16:41:25,Robotik,"Pemograman Web, Pemograman Java, Data Science","Tim Besar: membuat kegiatan seperti seminar, workshop dll","PHP, HTML, CSS, Javascript, Java, C++, C#, Figma, Unity, Ubuntu, Blender, Kotlin, Dart, Python, Linux",Mengembangkan keahlian dan mendapatkan pengalam dan ilmu,"WEBONDER, ETH0, ONTAKI",3.0,4.0,2.0,5.0,4.0,5.0,4.0,5.0,4.0,3.0,
Mahasiswa 20,2/13/2024 10:19:41,Linux,Jaringan,Tim Kecil: Lebih ke proyek-proyek tertentu,"Java, Figma, Kotlin, Dart, Python",Mengembangkan Skill,"ETH0, GDSC, DSE",4.0,5.0,4.0,3.0,2.0,3.0,3.0,3.0,4.0,5.0,
Mahasiswa 41,2/5/2024 18:44:46,Pemograman Mobile,"Pemograman Web, Pemograman Mobile, Pemograman Java, Multimedia, Jaringan, UI/UX",Tim Kecil: Lebih ke proyek-proyek tertentu,"PHP, HTML, CSS, Javascript, Java, Dart",Karena ingin ahli dalam skill yang saya inginkan,"WEBONDER, ETH0, FUN JAVA",5.0,2.0,3.0,1.0,5.0,5.0,2.0,4.0,2.0,5.0,
Mahasiswa 28,2/8/2024 17:22:54,Linux,UI/UX,Tim Kecil: Lebih ke proyek-proyek tertentu,"PHP, Figma, Kotlin, Dart, Cloud, Python, Golang","Dengan mengikuti komunitas, bisa membantu saya mengembangkan skill","MOCAP, ONTAKI",4.0,2.0,2.0,1.0,2.0,1.0,5.0,4.0,2.0,2.0,
Mahasiswa 43,2/5/2024 16:59:16,Data Science,UI/UX,Tim Kecil: Lebih ke proyek-proyek tertentu,"HTML, Javascript, C++, Python, Linux",Dengan kemajuan teknologi pemahaman akan pengetahuan tersebut sangat penting di kehidupan ini,"MOCAP, GDSC, DSE, ONTAKI",4.0,2.0,2.0,1.0,5.0,3.0,3.0,5.0,3.0,4.0,
Mahasiswa 4,2/5/2024 16:43:32,Robotik,"Pemograman Web, Pemograman Mobile, Pemograman Java, Multimedia, Data Science, Robotik, Jaringan, Linux","Tim Besar: membuat kegiatan seperti seminar, workshop dll","PHP, HTML, CSS, Javascript, Figma",Untuk mendapatkan lebih banyak ilmu dari komunitas tersebut sehingga dapat menambah pengetahuan dalam bidang yang saya minati,"MOCAP, WEBONDER, GDSC",4.0,4.0,1.0,5.0,4.0,1.0,2.0,4.0,3.0,1.0,
Mahasiswa 24,2/6/2024 5:15:00,Multimedia,Data Science,"Tim Besar: membuat kegiatan seperti seminar, workshop dll","PHP, HTML, CSS, Javascript, Figma, Cloud, Python",Untuk memperdalam keilmuan di bidang IT ,"MOCAP, UINBUNTU, ONTAKI",3.0,4.0,3.0,1.0,2.0,2.0,4.0,4.0,2.0,3.0,
Mahasiswa 9,2/5/2024 20:41:27,Pemograman Web,"Pemograman Web, Pemograman Java, Multimedia, Linux, UI/UX",Tim Kecil: Lebih ke proyek-proyek tertentu,HTML,Pengetahuan dalam dunia kerja dan informasi penting (Loker atau Pengetahuan) terbaru di bidang yang diminati,ETH0,4.0,4.0,2.0,3.0,3.0,1.0,2.0,5.0,4.0,4.0,
Mahasiswa 22,2/5/2024 16:42:03,Multimedia,"Pemograman Web, Pemograman Mobile, Pemograman Java, Multimedia, Jaringan, UI/UX",Tim Kecil: Lebih ke proyek-proyek tertentu,Python,menambah relasi,"MOCAP, UINBUNTU, ONTAKI",3.0,4.0,2.0,1.0,4.0,3.0,2.0,4.0,3.0,4.0,
Mahasiswa 17,2/8/2024 18:30:42,Jaringan,"Pemograman Mobile, Pemograman Java, Data Science",Tim Kecil: Lebih ke proyek-proyek tertentu,"PHP, Figma, Kotlin, Dart, Cloud, Python, Golang",Mengembangkan Skill,FUN JAVA,4.0,5.0,2.0,3.0,4.0,1.0,2.0,5.0,4.0,5.0,
Mahasiswa 34,2/5/2024 16:58:01,Multimedia,"Pemograman Web, Pemograman Mobile, Pemograman Java, Multimedia, Jaringan, UI/UX",Tim Kecil: Lebih ke proyek-proyek tertentu,"PHP, HTML, CSS, Javascript, Figma, Ubuntu, Kotlin, Dart, Cloud, Linux, Golang",Mengembangkan keahlian dan mendapatkan pengalam dan ilmu,ETH0,5.0,5.0,2.0,3.0,3.0,2.0,4.0,5.0,4.0,5.0,
Mahasiswa 32,2/5/2024 17:25:54,Jaringan,"Pemograman Web, Pemograman Mobile, Pemograman Java, Multimedia, Data Science, UI/UX","Tim Besar: membuat kegiatan seperti seminar, workshop dll","PHP, HTML, Java, C++, Figma, Ubuntu, Kotlin, Dart, Cloud, Python, Linux, Golang",Ingin menambah pengalaman yang lebih serta dapat mendapatkan relasi yang lebih positif ,"WEBONDER, MAMUD, ETH0",4.0,4.0,2.0,1.0,3.0,3.0,2.0,5.0,4.0,2.0,
Mahasiswa 4,2/5/2024 16:46:02,Pemograman Web,"Pemograman Web, Pemograman Mobile, Pemograman Java, Multimedia, Data Science, Robotik, Jaringan, Linux","Tim Besar: membuat kegiatan seperti seminar, workshop dll","PHP, HTML, CSS, Javascript, Figma",Menambah relasi & pengetahuan di bidang terkait ,"MOCAP, UINBUNTU, ONTAKI",3.0,3.0,4.0,4.0,3.0,2.0,4.0,4.0,2.0,2.0,
Mahasiswa 21,2/11/2024 20:44:09,Linux,"Pemograman Web, Data Science, UI/UX","Tim Besar: membuat kegiatan seperti seminar, workshop dll","Javascript, Figma",Nambah ilmu dan pengalaman. Nambah relasi,"MOCAP, GDSC",3.0,5.0,4.0,2.0,3.0,5.0,3.0,5.0,4.0,2.0,
Mahasiswa 44,2/5/2024 20:03:51,Linux,"Pemograman Mobile, Pemograman Java, Data Science","Tim Besar: membuat kegiatan seperti seminar, workshop dll","PHP, HTML, CSS, Javascript, Figma",Ingin mendapatkan lingkungan yang memeiliki mimpi yang sama dan minat yang sama,UINUX,5.0,4.0,4.0,4.0,3.0,1.0,4.0,4.0,4.0,5.0,
Mahasiswa 22,2/11/2024 12:36:30,Linux,"Pemograman Web, Pemograman Mobile, Pemograman Java, Data Science, Teknologi Google, Linux, UI/UX","Tim Besar: membuat kegiatan seperti seminar, workshop dll","HTML, CSS, Java, C++, C#, Blender","Bergabung dalam komunitas akademik di TI UIN memberikan kesempatan untuk mendapatkan pengetahuan mendalam tentang bidang Teknologi Informasi. Melalui mata kuliah, seminar, dan proyek kolaboratif, anggota komunitas dapat terus belajar dan mengembangkan keterampilan mereka",FUN JAVA,3.0,4.0,3.0,3.0,3.0,3.0,1.0,1.0,4.0,4.0,
Mahasiswa 16,2/11/2024 20:44:09,Robotik,"Pemograman Web, Pemograman Mobile, Pemograman Java, Multimedia, Data Science, UI/UX","Tim Besar: membuat kegiatan seperti seminar, workshop dll","PHP, HTML, Java, C++, Figma, Ubuntu, Kotlin, Dart, Cloud, Python, Linux, Golang",Ingin menambah wawasan dan menambah ilmu untuk mengembangkan diri,"MOCAP, DSE",4.0,4.0,2.0,1.0,2.0,1.0,2.0,4.0,1.0,5.0,
Mahasiswa 21,2/8/2024 20:08:41,UI/UX,"Data Science, Teknologi Google",Tim Kecil: Lebih ke proyek-proyek tertentu,"PHP, HTML, CSS, Javascript, Java, Figma, Unity, Blender, Dart, Python","Dengan mengikuti komunitas, bisa membantu saya mengembangkan skill","MOCAP, GDSC, DSE, ONTAKI",2.0,3.0,4.0,5.0,4.0,3.0,2.0,4.0,4.0,5.0,
Mahasiswa 16,2/5/2024 16:37:56,Linux,"Pemograman Web, Pemograman Mobile, Pemograman Java, Jaringan, Linux, UI/UX","Tim Besar: membuat kegiatan seperti seminar, workshop dll",Python,Dengan kemajuan teknologi pemahaman akan pengetahuan tersebut sangat penting di kehidupan ini,MOCAP,3.0,3.0,4.0,3.0,2.0,5.0,5.0,5.0,4.0,2.0,
Mahasiswa 46,2/6/2024 10:22:22,Data Science,"Pemograman Web, Pemograman Java, Multimedia, Linux, UI/UX","Tim Besar: membuat kegiatan seperti seminar, workshop dll","PHP, Python",Nambah ilmu dan pengalaman. Nambah relasi,"MOCAP, WEBONDER, DSE",4.0,2.0,4.0,3.0,4.0,5.0,2.0,3.0,4.0,4.0,
Mahasiswa 23,2/8/2024 16:58:59,UI/UX,"Pemograman Web, Data Science","Tim Besar: membuat kegiatan seperti seminar, workshop dll","PHP, HTML, CSS, Javascript, Figma, Cloud",Ingin menambah wawasan dan menambah ilmu untuk mengembangkan diri,"ETH0, GDSC, DSE",4.0,4.0,2.0,1.0,5.0,3.0,2.0,4.0,3.0,3.0,
Mahasiswa 40,2/9/2024 10:24:07,Jaringan,"Pemograman Web, Pemograman Mobile, Pemograman Java, Multimedia, Data Science, Jaringan","Tim Besar: membuat kegiatan seperti seminar, workshop dll","PHP, HTML, CSS, Javascript, Java, C++, C#, Figma, Unity, Ubuntu, Blender, Kotlin, Dart, Python, Linux",Menambah ilmu,"ETH0, GDSC",3.0,3.0,2.0,5.0,3.0,5.0,1.0,1.0,2.0,5.0,
Mahasiswa 11,2/10/2024 0:03:56,Linux,"Pemograman Web, Pemograman Mobile, Pemograman Java, Multimedia, Jaringan, UI/UX","Tim Besar: membuat kegiatan seperti seminar, workshop dll","PHP, HTML, CSS, C#, Figma, Dart, Cloud, Python",Menambah pengalaman ,"MOCAP, WEBONDER",4.0,4.0,2.0,5.0,2.0,2.0,4.0,4.0,4.0,2.0,
Mahasiswa 44,2/5/2024 16:42:49,UI/UX,"Pemograman Mobile, Pemograman Java, Teknologi Google, Linux, UI/UX","Tim Besar: membuat kegiatan seperti seminar, workshop dll","PHP, CSS, Javascript, Unity, Ubuntu, Dart, Cloud, Python, Golang",Mencari peluang untuk memperlebar koneksi ke developer handal,"MOCAP, WEBONDER",4.0,3.0,2.0,3.0,3.0,1.0,2.0,5.0,2.0,3.0,
Mahasiswa 48,2/5/2024 16:36:36,Jaringan,"Pemograman Mobile, Pemograman Java, Data Science",Tim Kecil: Lebih ke proyek-proyek tertentu,"PHP, HTML, CSS, Figma, Blender, Python, Linux",Menambah relasi ,FUN JAVA,4.0,3.0,4.0,3.0,4.0,3.0,2.0,4.0,4.0,2.0,
Mahasiswa 18,2/5/2024 16:46:02,Jaringan,Pemograman Mobile,"Tim Besar: membuat kegiatan seperti seminar, workshop dll","Python, Golang","Untuk menambah pengalaman dan relasi, menambah ilmu",DSE,5.0,2.0,4.0,4.0,3.0,2.0,4.0,5.0,3.0,4.0,
Mahasiswa 47,2/6/2024 13:14:22,Jaringan,",",Tim Kecil: Lebih ke proyek-proyek tertentu,"PHP, CSS, Javascript, Unity, Ubuntu, Dart, Cloud, Python, Golang",Ingin belajar lebih baik tentang TI,"MOCAP, WEBONDER",3.0,5.0,3.0,1.0,3.0,1.0,3.0,4.0,4.0,5.0,
Mahasiswa 9,2/5/2024 16:58:01,Data Science,"Pemograman Web, Pemograman Mobile, Pemograman Java, Jaringan, Linux, UI/UX","Tim Besar: membuat kegiatan seperti seminar, workshop dll","PHP, CSS, Javascript, Cloud, Linux, Golang",Karena ingin ahli dalam skill yang saya inginkan,ETH0,3.0,4.0,5.0,3.0,4.0,4.0,4.0,3.0,2.0,3.0,
Mahasiswa 1,2/8/2024 17:22:54,Jaringan,",",Tim Kecil: Lebih ke proyek-proyek tertentu,"PHP, C++, C#, Figma, Blender, Cloud","Dengan mengikuti komunitas, bisa membantu saya mengembangkan skill",MAMUD,2.0,5.0,3.0,5.0,3.0,1.0,2.0,4.0,3.0,2.0,
Mahasiswa 29,2/5/2024 19:30:29,Robotik,"Pemograman Web, Data Science, UI/UX","Tim Besar: membuat kegiatan seperti seminar, workshop dll","HTML, CSS, Java, C++, C#, Blender",Mengembangkan Skill,"ETH0, GDSC",4.0,5.0,5.0,4.0,3.0,5.0,3.0,4.0,4.0,2.0,
Mahasiswa 43,2/5/2024 16:59:16,Linux,"Pemograman Mobile, Pemograman Java, Data Science",Tim Kecil: Lebih ke proyek-proyek tertentu,"PHP, CSS, Javascript, Unity, Ubuntu, Dart, Cloud, Python, Golang","Dengan mengikuti komunitas, bisa membantu saya mengembangkan skill","WEBONDER, ETH0, FUN JAVA",4.0,2.0,1.0,4.0,3.0,3.0,5.0,5.0,3.0,4.0,
Mahasiswa 4,10/13/2023 4:02:22,Linux,",","Tim Besar: membuat kegiatan seperti seminar, workshop dll","PHP, HTML, CSS, Javascript, Cloud, Linux, Golang",Mengembangkan keahlian dan mendapatkan pengalam dan ilmu,"MOCAP, WEBONDER, DSE",4.0,5.0,4.0,1.0,4.0,5.0,2.0,4.0,3.0,5.0,
Mahasiswa 18,10/13/2023 4:11:43,Linux,"Pemograman Web, Pemograman Mobile, Pemograman Java, Multimedia, Data Science, UI/UX",Tim Kecil: Lebih ke proyek-proyek tertentu,"Java, Figma",Ingin mendapatkan lingkungan yang memeiliki mimpi yang sama dan minat yang sama,"MOCAP, DSE",3.0,3.0,5.0,2.0,2.0,1.0,3.0,4.0,4.0,4.0,
Mahasiswa 17,2/8/2024 16:58:59,Pemograman Mobile,"Pemograman Web, Pemograman Mobile, Data Science",Tim Kecil: Lebih ke proyek-proyek tertentu,"PHP, HTML, Java, C++, Figma, Ubuntu, Kotlin, Dart, Cloud, Python, Linux, Golang",Ingin menambah ilmu mengenai bidang yang saya tekuni ,"MOCAP, GDSC",3.0,5.0,5.0,1.0,2.0,5.0,4.0,4.0,4.0,2.0,
Mahasiswa 2,2/8/2024 16:44:49,Teknologi Google,"Pemograman Mobile, Pemograman Java, Data Science",Tim Kecil: Lebih ke proyek-proyek tertentu,"Java, C++, C#, Unity, Kotlin",Ingin mempelajari lebih dalam tentang ilmu ilmunya,"WEBONDER, ETH0",2.0,4.0,2.0,3.0,5.0,2.0,4.0,4.0,3.0,4.0,
Mahasiswa 22,10/13/2023 4:02:22,Robotik,"Pemograman Web, Pemograman Mobile, Pemograman Java, Multimedia, Robotik, Jaringan, Teknologi Google, Linux, UI/UX",Tim Kecil: Lebih ke proyek-proyek tertentu,"PHP, HTML, CSS, Javascript, Java, Figma",Mengembangkan Skill,"MOCAP, WEBONDER, GDSC",4.0,3.0,4.0,5.0,3.0,1.0,1.0,5.0,4.0,1.0,
Mahasiswa 3,2/8/2024 20:08:41,Robotik,"Pemograman Web, Pemograman Java, Multimedia, Linux, UI/UX","Tim Besar: membuat kegiatan seperti seminar, workshop dll","PHP, HTML, CSS, Javascript",Ingin menambah pengalaman yang lebih serta dapat mendapatkan relasi yang lebih positif ,ETH0,2.0,2.0,4.0,5.0,4.0,4.0,2.0,4.0,4.0,2.0,
Mahasiswa 26,10/13/2023 7:59:19,Teknologi Google,Pemograman Java,"Tim Besar: membuat kegiatan seperti seminar, workshop dll","PHP, HTML, CSS, Javascript",mrnambah ilmu,ONTAKI,4.0,3.0,1.0,1.0,5.0,1.0,4.0,4.0,3.0,2.0,
Mahasiswa 4,2/5/2024 18:44:46,Robotik,UI/UX,"Tim Besar: membuat kegiatan seperti seminar, workshop dll","PHP, C++, C#, Figma, Blender, Cloud",Menambah insight baru ,ETH0,3.0,5.0,4.0,3.0,2.0,3.0,1.0,4.0,3.0,4.0,
Mahasiswa 2,2/6/2024 5:15:00,Jaringan,"Pemograman Web, Pemograman Mobile, Pemograman Java","Tim Besar: membuat kegiatan seperti seminar, workshop dll",Python,Karena ingin menambah teman dan mempelajari ilmu baru,"MOCAP, WEBONDER, GDSC",4.0,3.0,5.0,3.0,3.0,4.0,2.0,5.0,3.0,2.0,
Mahasiswa 13,2/10/2024 0:03:56,Pemograman Mobile,"Pemograman Web, Data Science",Tim Kecil: Lebih ke proyek-proyek tertentu,"PHP, HTML, CSS, Javascript, Figma",Mengembangkan Skill,"ETH0, GDSC",5.0,3.0,4.0,5.0,5.0,3.0,4.0,4.0,3.0,3.0,
Mahasiswa 3,2/5/2024 16:42:49,Jaringan,"Pemograman Web, Pemograman Mobile, Pemograman Java, Multimedia, Data Science, Robotik, Jaringan, Teknologi Google, Linux, UI/UX","Tim Besar: membuat kegiatan seperti seminar, workshop dll","PHP, Python","Selain mengisi waktu luang, juga ingin menambah pengetahuan tentang teknologi yang terkait dengan komunitas tsb.",GDSC,2.0,5.0,3.0,5.0,3.0,3.0,4.0,4.0,3.0,1.0,
Mahasiswa 30,2/6/2024 17:40:35,Pemograman Web,UI/UX,"Tim Besar: membuat kegiatan seperti seminar, workshop dll","Java, C++, C#, Unity, Kotlin",Ingin menambah pengalaman yang lebih serta dapat mendapatkan relasi yang lebih positif ,"WEBONDER, ETH0, ONTAKI",3.0,3.0,4.0,5.0,3.0,2.0,4.0,3.0,3.0,2.0,
Mahasiswa 9,2/8/2024 16:58:59,Pemograman Web,Robotik,"Tim Besar: membuat kegiatan seperti seminar, workshop dll","Kotlin, Dart, Python",Ingin meningkatkan softskill maupun hardskill yang bisa menunjang karir,"MOCAP, WEBONDER, DSE",5.0,2.0,5.0,3.0,4.0,3.0,4.0,5.0,4.0,2.0,
Mahasiswa 24,2/5/2024 16:37:56,Pemograman Web,"Pemograman Web, Pemograman Mobile, Pemograman Java, Multimedia, Data Science, Robotik, Jaringan, Linux, UI/UX",Tim Kecil: Lebih ke proyek-proyek tertentu,"PHP, HTML, CSS, Javascript, Java, C++, C#, Figma, Unity, Blender, Kotlin, Dart, Python, Golang",Ingin menambah wawasan dan menambah ilmu untuk mengembangkan diri,"WEBONDER, MAMUD, ETH0",2.0,3.0,2.0,5.0,3.0,4.0,4.0,4.0,2.0,2.0,
Mahasiswa 29,2/11/2024 12:36:30,Pemograman Web,"Pemograman Web, Pemograman Mobile, Pemograman Java, Multimedia, Data Science, UI/UX",Tim Kecil: Lebih ke proyek-proyek tertentu,"PHP, HTML, CSS, Javascript, Java, Kotlin, Dart, Python",Untuk membantu saya dalam minat saya di bidang bioinformatika ,"MOCAP, WEBONDER, DSE",3.0,3.0,4.0,1.0,2.0,2.0,2.0,4.0,3.0,5.0,
Mahasiswa 9,2/8/2024 18:04:59,Robotik,"Pemograman Web, Pemograman Mobile, Pemograman Java, Data Science, UI/UX","Tim Besar: membuat kegiatan seperti seminar, workshop dll","PHP, HTML, Figma",Karena ingin menambah teman dan mempelajari ilmu baru,UINUX,3.0,5.0,1.0,2.0,4.0,1.0,5.0,1.0,4.0,3.0,
Mahasiswa 28,2/5/2024 17:25:54,Linux,",",Tim Kecil: Lebih ke proyek-proyek tertentu,"Dart, Python",Untuk belajar lebih jauh mengenai materi yang d berikan,MAMUD,3.0,3.0,2.0,3.0,2.0,1.0,4.0,4.0,4.0,2.0,
Mahasiswa 14,2/7/2024 14:55:06,UI/UX,Pemograman Web,Tim Kecil: Lebih ke proyek-proyek tertentu,"PHP, Python",Untuk mendapatkan lebih banyak ilmu dari komunitas tersebut sehingga dapat menambah pengetahuan dalam bidang yang saya minati,"MOCAP, WEBONDER, GDSC",4.0,4.0,2.0,2.0,3.0,2.0,4.0,4.0,3.0,2.0,
Mahasiswa 33,2/8/2024 16:44:49,Data Science,Robotik,"Tim Besar: membuat kegiatan seperti seminar, workshop dll","PHP, Cloud",Menambah insight baru ,ONTAKI,3.0,3.0,4.0,3.0,3.0,3.0,4.0,4.0,1.0,5.0,
Mahasiswa 17,2/5/2024 20:03:51,Teknologi Google,"Pemograman Web, Pemograman Mobile, Pemograman Java, Multimedia, Data Science, Jaringan, Teknologi Google, Linux, UI/UX","Tim Besar: membuat kegiatan seperti seminar, workshop dll","PHP, Cloud",Ingin menambah ilmu,"WEBONDER, ETH0, ONTAKI",4.0,2.0,4.0,1.0,5.0,3.0,4.0,5.0,3.0,2.0,
Mahasiswa 35,2/5/2024 16:36:36,Linux,"Pemograman Web, Pemograman Mobile, Pemograman Java, Data Science, UI/UX","Tim Besar: membuat kegiatan seperti seminar, workshop dll",Python,"Untuk menambah pengalaman dan relasi, menambah ilmu","MOCAP, WEBONDER, MAMUD, ETH0",4.0,3.0,2.0,5.0,2.0,5.0,2.0,4.0,3.0,4.0,
Mahasiswa 43,2/6/2024 0:58:22,Linux,Pemograman Web,Tim Kecil: Lebih ke proyek-proyek tertentu,"PHP, HTML, CSS, Javascript, Java, Kotlin, Dart, Python",Belajar lebih dalam,UINUX,3.0,2.0,2.0,3.0,3.0,3.0,4.0,3.0,2.0,5.0,
Mahasiswa 13,2/8/2024 18:04:59,Robotik,"Data Science, Teknologi Google","Tim Besar: membuat kegiatan seperti seminar, workshop dll","PHP, CSS, Javascript, Unity, Ubuntu, Dart, Cloud, Python, Golang",Mempelajari ilmu baru di luar perkuliahan dengan teman-teman,"MOCAP, WEBONDER, GDSC",4.0,5.0,2.0,5.0,2.0,3.0,2.0,4.0,3.0,2.0,
Mahasiswa 11,2/6/2024 13:14:22,Teknologi Google,"Pemograman Web, Pemograman Mobile, Pemograman Java, Data Science, Teknologi Google, Linux, UI/UX","Tim Besar: membuat kegiatan seperti seminar, workshop dll","Java, C++, C#, Unity, Kotlin",Ingin mendapatkan lingkungan yang memeiliki mimpi yang sama dan minat yang sama,FUN JAVA,3.0,3.0,4.0,5.0,3.0,5.0,4.0,4.0,4.0,2.0,
Mahasiswa 32,2/8/2024 18:04:59,Robotik,Robotik,Tim Kecil: Lebih ke proyek-proyek tertentu,"PHP, HTML, Figma",Menambah pengalaman ,"MOCAP, WEBONDER, DSE",3.0,5.0,1.0,5.0,4.0,3.0,1.0,4.0,3.0,4.0,
Mahasiswa 22,2/5/2024 16:42:03,Jaringan,"Pemograman Mobile, Teknologi Google, UI/UX",Tim Kecil: Lebih ke proyek-proyek tertentu,"Javascript, Unity, Ubuntu",Untuk mendapatkan pengalaman baru serta belajar tanggung jawab,"MOCAP, MAMUD, GDSC, ONTAKI",2.0,4.0,1.0,5.0,3.0,1.0,1.0,4.0,4.0,4.0,
Mahasiswa 23,2/8/2024 16:44:49,Multimedia,Pemograman Mobile,Tim Kecil: Lebih ke proyek-proyek tertentu,"HTML, CSS, Java, C++, C#, Blender",Pengetahuan dalam dunia kerja dan informasi penting (Loker atau Pengetahuan) terbaru di bidang yang diminati,"MOCAP, WEBONDER, DSE",3.0,3.0,3.0,4.0,5.0,3.0,2.0,4.0,4.0,2.0,
Mahasiswa 30,10/13/2023 4:02:22,Linux,"Pemograman Web, Pemograman Mobile, Pemograman Java, Multimedia, Data Science, Jaringan, Teknologi Google, Linux, UI/UX","Tim Besar: membuat kegiatan seperti seminar, workshop dll","PHP, HTML, CSS, Java, C++, C#, Unity, Ubuntu, Blender, Dart, Python, Linux",menambah relasi,GDSC,2.0,4.0,5.0,3.0,3.0,3.0,1.0,1.0,3.0,5.0,
Mahasiswa 25,2/5/2024 16:59:16,Data Science,"Pemograman Web, Pemograman Mobile, Pemograman Java, Multimedia, Jaringan, UI/UX",Tim Kecil: Lebih ke proyek-proyek tertentu,"PHP, HTML, CSS, Javascript, Figma",Dengan kemajuan teknologi pemahaman akan pengetahuan tersebut sangat penting di kehidupan ini,MAMUD,3.0,2.0,4.0,3.0,3.0,5.0,5.0,5.0,1.0,5.0,
Mahasiswa 28,2/6/2024 17:40:35,Linux,Pemograman Java,"Tim Besar: membuat kegiatan seperti seminar, workshop dll","PHP, HTML, CSS, Javascript, Figma, Ubuntu, Kotlin, Dart, Cloud, Linux, Golang","Menambahkan cerita dalam pengalaman hidup, menambah relasi pertemanan ","WEBONDER, ETH0, ONTAKI",1.0,4.0,2.0,3.0,4.0,3.0,2.0,4.0,3.0,3.0,
Mahasiswa 22,2/6/2024 0:58:22,Data Science,"Pemograman Web, Pemograman Mobile, Pemograman Java, Teknologi Google, UI/UX",Tim Kecil: Lebih ke proyek-proyek tertentu,"HTML, CSS, Figma, Blender, Python",Nambahin relasi,"MOCAP, MAMUD, GDSC, ONTAKI",4.0,5.0,2.0,5.0,2.0,3.0,1.0,5.0,2.0,5.0,
Mahasiswa 14,2/5/2024 16:59:16,Pemograman Mobile,Multimedia,"Tim Besar: membuat kegiatan seperti seminar, workshop dll",Python,menambah relasi,"MOCAP, WEBONDER",3.0,3.0,2.0,3.0,4.0,3.0,2.0,4.0,3.0,3.0,
Mahasiswa 18,2/5/2024 16:42:03,Teknologi Google,Data Science,Tim Kecil: Lebih ke proyek-proyek tertentu,"Java, C++, C#, Unity, Kotlin",Dengan kemajuan teknologi pemahaman akan pengetahuan tersebut sangat penting di kehidupan ini,"MOCAP, DSE",4.0,3.0,5.0,1.0,2.0,1.0,4.0,5.0,4.0,5.0,
Mahasiswa 32,2/6/2024 0:58:22,Data Science,"Pemograman Web, Pemograman Mobile, Pemograman Java, Multimedia, Data Science, UI/UX",Tim Kecil: Lebih ke proyek-proyek tertentu,Python,Ingin menambah ilmu mengenai bidang yang saya tekuni ,ETH0,2.0,5.0,2.0,2.0,5.0,1.0,2.0,4.0,4.0,4.0,
Mahasiswa 20,2/5/2024 16:58:01,Data Science,"Pemograman Web, Pemograman Mobile, Pemograman Java, Multimedia, Data Science, Robotik, Jaringan, Teknologi Google, Linux, UI/UX","Tim Besar: membuat kegiatan seperti seminar, workshop dll","PHP, HTML, Java, C++, Figma, Ubuntu, Kotlin, Dart, Cloud, Python, Linux, Golang",Mengembangkan skill dan menambah wawasan,"ETH0, UINBUNTU, FUN JAVA, GDSC, DSE, ONTAKI",3.0,5.0,5.0,4.0,3.0,3.0,2.0,5.0,3.0,3.0,
Mahasiswa 23,2/5/2024 16:49:35,Pemograman Mobile,Jaringan,"Tim Besar: membuat kegiatan seperti seminar, workshop dll","PHP, HTML, CSS, Javascript, Java, C++, C#, Figma, Unity, Ubuntu, Blender, Kotlin, Dart, Python, Linux",Belajar lebih dalam,"WEBONDER, GDSC",4.0,5.0,4.0,5.0,2.0,3.0,2.0,3.0,4.0,3.0,
Mahasiswa 25,2/8/2024 20:08:41,Teknologi Google,"Pemograman Web, Pemograman Mobile, Pemograman Java, Multimedia, Data Science, Robotik, Jaringan, Teknologi Google, Linux, UI/UX",Tim Kecil: Lebih ke proyek-proyek tertentu,"Python, Golang",Ingin menambah ilmu yang sebelumnya sudah saya dapat di sma,"ETH0, GDSC",4.0,5.0,3.0,4.0,4.0,4.0,1.0,4.0,4.0,2.0,
Mahasiswa 1,2/5/2024 16:43:26,Multimedia,",",Tim Kecil: Lebih ke proyek-proyek tertentu,"PHP, HTML, CSS, Javascript, Figma, Ubuntu, Kotlin, Dart, Cloud, Linux, Golang","Pengalaman ,relasi ,dan pengetahuan","MOCAP, MAMUD, GDSC, ONTAKI",3.0,5.0,2.0,5.0,3.0,2.0,5.0,5.0,4.0,2.0,
Mahasiswa 17,2/13/2024 10:19:41,Robotik,"Pemograman Web, Pemograman Mobile, Pemograman Java, Data Science, UI/UX",Tim Kecil: Lebih ke proyek-proyek tertentu,"PHP, CSS, Javascript, Unity, Ubuntu, Dart, Cloud, Python, Golang","Pengalaman ,relasi ,dan pengetahuan","MOCAP, MAMUD, GDSC, ONTAKI",3.0,2.0,3.0,3.0,2.0,3.0,4.0,1.0,3.0,3.0,
Mahasiswa 48,2/5/2024 19:30:29,Multimedia,"Pemograman Web, Pemograman Mobile, Pemograman Java, Multimedia, Data Science, Robotik, Jaringan, Linux","Tim Besar: membuat kegiatan seperti seminar, workshop dll","Dart, Python",Menambah teman,GDSC,5.0,2.0,4.0,5.0,4.0,3.0,3.0,4.0,3.0,2.0,
Mahasiswa 6,2/8/2024 16:44:49,UI/UX,"Pemograman Web, Pemograman Java, Multimedia, Data Science, Linux, UI/UX","Tim Besar: membuat kegiatan seperti seminar, workshop dll","HTML, CSS, Figma, Blender, Python",Nambahin relasi,"MOCAP, WEBONDER, MAMUD, ETH0",4.0,2.0,2.0,3.0,4.0,3.0,4.0,3.0,3.0,2.0,
Mahasiswa 47,2/6/2024 10:22:22,Robotik,"Pemograman Web, Data Science, UI/UX",Tim Kecil: Lebih ke proyek-proyek tertentu,"Javascript, Unity, Ubuntu",Menambah pengalaman dan mendalami skill yang ingin diasah,"MOCAP, WEBONDER, GDSC",3.0,4.0,2.0,2.0,4.0,3.0,2.0,4.0,4.0,5.0,
Mahasiswa 15,2/6/2024 12:54:26,Jaringan,UI/UX,Tim Kecil: Lebih ke proyek-proyek tertentu,"PHP, C++, C#, Figma, Blender, Cloud",menambah relasi,"WEBONDER, GDSC",4.0,2.0,2.0,1.0,3.0,3.0,4.0,1.0,4.0,2.0,
Mahasiswa 40,2/5/2024 16:42:03,Jaringan,"Pemograman Web, Pemograman Mobile, Pemograman Java, Multimedia, Data Science, UI/UX","Tim Besar: membuat kegiatan seperti seminar, workshop dll","HTML, CSS, Java, C++, C#, Blender",Menambah pengalaman ,"ETH0, GDSC, DSE",3.0,2.0,4.0,3.0,3.0,1.0,5.0,4.0,4.0,4.0,
Mahasiswa 37,2/5/2024 20:41:27,Teknologi Google,"Pemograman Mobile, Teknologi Google, UI/UX","Tim Besar: membuat kegiatan seperti seminar, workshop dll","PHP, HTML, CSS, Javascript, Figma",Mempelajari ilmu baru di luar perkuliahan dengan teman-teman,"MOCAP, WEBONDER",3.0,5.0,4.0,3.0,3.0,3.0,1.0,4.0,4.0,2.0,
Mahasiswa 25,2/5/2024 16:41:25,Teknologi Google,UI/UX,Tim Kecil: Lebih ke proyek-proyek tertentu,"Dart, Python",Menambah teman,"ETH0, GDSC",2.0,2.0,2.0,1.0,2.0,5.0,4.0,4.0,4.0,3.0,
Mahasiswa 5,2/6/2024 0:58:22,Pemograman Web,"Pemograman Web, Pemograman Java, Multimedia, Data Science, Linux, UI/UX","Tim Besar: membuat kegiatan seperti seminar, workshop dll",Python,Menambah relasi untuk membantu memudahkan memahami tugas kuliah,ETH0,4.0,5.0,4.0,3.0,2.0,2.0,2.0,5.0,4.0,5.0,
Mahasiswa 10,2/5/2024 16:42:03,Teknologi Google,"Pemograman Web, Pemograman Mobile, Pemograman Java, Data Science, Teknologi Google, Linux, UI/UX","Tim Besar: membuat kegiatan seperti seminar, workshop dll","PHP, HTML, CSS, Javascript, Java, C++, C#, Figma, Unity, Ubuntu, Blender, Kotlin, Dart, Python, Linux","Untuk menambah pengalaman dan relasi, menambah ilmu","ETH0, GDSC, DSE",4.0,3.0,5.0,5.0,4.0,2.0,4.0,5.0,4.0,4.0,
Mahasiswa 10,2/6/2024 17:40:35,Pemograman Mobile,"Pemograman Mobile, Pemograman Java, Teknologi Google, Linux, UI/UX",Tim Kecil: Lebih ke proyek-proyek tertentu,"PHP, HTML, CSS, Javascript",Mengembangkan keahlian dan mendapatkan pengalam dan ilmu,"WEBONDER, ETH0, ONTAKI",5.0,5.0,1.0,4.0,4.0,1.0,3.0,5.0,4.0,5.0,
Mahasiswa 34,2/7/2024 14:55:06,Teknologi Google,Pemograman Java,"Tim Besar: membuat kegiatan seperti seminar, workshop dll","PHP, Figma, Kotlin, Dart, Cloud, Python, Golang","Bergabung dalam komunitas akademik di TI UIN memberikan kesempatan untuk mendapatkan pengetahuan mendalam tentang bidang Teknologi Informasi. Melalui mata kuliah, seminar, dan proyek kolaboratif, anggota komunitas dapat terus belajar dan mengembangkan keterampilan mereka","MOCAP, GDSC",3.0,2.0,2.0,1.0,5.0,1.0,1.0,4.0,2.0,1.0,
Mahasiswa 3,2/5/2024 17:20:34,Pemograman Mobile,Pemograman Mobile,"Tim Besar: membuat kegiatan seperti seminar, workshop dll","PHP, HTML, Figma","Dengan mengikuti komunitas, bisa membantu saya mengembangkan skill","ETH0, UINBUNTU, FUN JAVA, GDSC, DSE, ONTAKI",3.0,5.0,4.0,3.0,4.0,1.0,2.0,5.0,4.0,5.0,
Mahasiswa 25,2/5/2024 20:41:27,Linux,"Pemograman Web, Pemograman Mobile, Pemograman Java, Multimedia, Robotik, Jaringan, Teknologi Google, Linux, UI/UX","Tim Besar: membuat kegiatan seperti seminar, workshop dll","Java, Figma",Belajar lebih dalam,"WEBONDER, ETH0",3.0,4.0,4.0,4.0,3.0,2.0,5.0,3.0,4.0,5.0,
Mahasiswa 42,2/6/2024 10:22:22,Teknologi Google,"Pemograman Web, Data Science, UI/UX","Tim Besar: membuat kegiatan seperti seminar, workshop dll",HTML,Mencari ilmu baru,"ETH0, GDSC",4.0,5.0,2.0,3.0,4.0,1.0,4.0,4.0,3.0,2.0,
Mahasiswa 22,2/5/2024 16:37:56,Linux,Pemograman Java,"Tim Besar: membuat kegiatan seperti seminar, workshop dll","HTML, CSS, Figma, Python",Ingin menambah ilmu mengenai bidang yang saya tekuni ,"ETH0, UINBUNTU, FUN JAVA, GDSC, DSE, ONTAKI",3.0,4.0,2.0,3.0,3.0,3.0,2.0,1.0,4.0,2.0,
Mahasiswa 29,2/5/2024 16:43:26,Pemograman Web,"Pemograman Web, Data Science, UI/UX",Tim Kecil: Lebih ke proyek-proyek tertentu,"Javascript, Figma",Menambah insight baru ,"MOCAP, MAMUD, GDSC, ONTAKI",3.0,3.0,4.0,4.0,3.0,1.0,4.0,4.0,4.0,3.0,
Mahasiswa 26,2/8/2024 18:04:59,Linux,"Pemograman Web, Data Science, UI/UX",Tim Kecil: Lebih ke proyek-proyek tertentu,"PHP, HTML, CSS, Javascript, Java, Figma",menambah relasi,"WEBONDER, MAMUD, ETH0",4.0,5.0,4.0,1.0,3.0,5.0,5.0,5.0,4.0,5.0,
Mahasiswa 16,2/5/2024 20:03:51,Data Science,"Pemograman Mobile, Pemograman Java, Data Science",Tim Kecil: Lebih ke proyek-proyek tertentu,"Figma, Ubuntu, Dart, Python",Memperluas networking,"ETH0, UINBUNTU, FUN JAVA, GDSC, DSE, ONTAKI",3.0,5.0,2.0,1.0,3.0,3.0,3.0,4.0,4.0,5.0,
Mahasiswa 44,2/8/2024 17:22:54,Linux,"Pemograman Web, Pemograman Mobile, Pemograman Java, Data Science, Teknologi Google, Linux, UI/UX","Tim Besar: membuat kegiatan seperti seminar, workshop dll","PHP, HTML, CSS, Java, C++, C#, Unity, Ubuntu, Blender, Dart, Python, Linux",Untuk belajar lebih jauh mengenai materi yang d berikan,FUN JAVA,2.0,3.0,3.0,3.0,3.0,2.0,4.0,4.0,3.0,5.0,
Mahasiswa 33,2/5/2024 16:53:20,Pemograman Web,"Pemograman Web, Pemograman Mobile, Pemograman Java","Tim Besar: membuat kegiatan seperti seminar, workshop dll","PHP, Cloud","Untuk menambah pengalaman dan relasi, menambah ilmu","MOCAP, WEBONDER, MAMUD, ETH0",3.0,5.0,2.0,3.0,2.0,5.0,2.0,4.0,4.0,4.0,
Mahasiswa 24,2/5/2024 16:36:36,Jaringan,"Pemograman Web, Pemograman Mobile, Pemograman Java, Multimedia, Jaringan, UI/UX","Tim Besar: membuat kegiatan seperti seminar, workshop dll","PHP, HTML, CSS, Javascript, Figma, Cloud, Python",Ingin mendapatkan lingkungan yang memeiliki mimpi yang sama dan minat yang sama,"MOCAP, MAMUD, GDSC, ONTAKI",3.0,4.0,2.0,1.0,2.0,3.0,1.0,5.0,3.0,5.0,
Mahasiswa 22,10/13/2023 6:49:42,UI/UX,"Pemograman Web, Pemograman Mobile, Pemograman Java, Multimedia, Data Science, Jaringan, Teknologi Google, Linux, UI/UX","Tim Besar: membuat kegiatan seperti seminar, workshop dll",Python,Menambah relasi & pengetahuan di bidang terkait ,"ETH0, UINBUNTU, FUN JAVA, GDSC, DSE, ONTAKI",3.0,4.0,4.0,4.0,5.0,3.0,2.0,5.0,3.0,2.0,
Mahasiswa 2,2/6/2024 5:15:00,UI/UX,"Pemograman Web, Pemograman Mobile, Pemograman Java, Multimedia, Data Science, Jaringan","Tim Besar: membuat kegiatan seperti seminar, workshop dll","PHP, HTML, CSS, Javascript, Java, Dart",Menambah pengalaman dan mendalami skill yang ingin diasah,"MOCAP, GDSC, DSE, ONTAKI",1.0,3.0,5.0,3.0,5.0,1.0,2.0,5.0,3.0,2.0,
Mahasiswa 38,2/5/2024 17:02:37,Linux,"Pemograman Web, Pemograman Mobile, Pemograman Java, Data Science, UI/UX",Tim Kecil: Lebih ke proyek-proyek tertentu,"PHP, HTML, CSS, Javascript, Java, Kotlin, Dart, Python",Dengan kemajuan teknologi pemahaman akan pengetahuan tersebut sangat penting di kehidupan ini,"MOCAP, WEBONDER",2.0,4.0,2.0,4.0,2.0,5.0,4.0,3.0,4.0,5.0,
Mahasiswa 48,2/5/2024 16:43:26,Multimedia,"Pemograman Web, Pemograman Mobile, Pemograman Java, Multimedia, Data Science, Jaringan",Tim Kecil: Lebih ke proyek-proyek tertentu,"PHP, Python",Mencari peluang untuk memperlebar koneksi ke developer handal,"WEBONDER, ETH0, ONTAKI",3.0,3.0,2.0,5.0,3.0,2.0,2.0,5.0,4.0,5.0,
Mahasiswa 26,2/5/2024 16:53:20,Linux,"Pemograman Web, Data Science, UI/UX",Tim Kecil: Lebih ke proyek-proyek tertentu,"PHP, HTML, CSS, Javascript",Untuk mendapatkan pengalaman baru serta belajar tanggung jawab,DSE,4.0,4.0,2.0,1.0,2.0,4.0,4.0,4.0,3.0,5.0,
Mahasiswa 44,2/9/2024 10:24:07,Jaringan,"Pemograman Web, Data Science, UI/UX","Tim Besar: membuat kegiatan seperti seminar, workshop dll","PHP, HTML, CSS, Javascript, Figma, Cloud",Untuk mendapatkan pengalaman baru serta belajar tanggung jawab,"MOCAP, GDSC, DSE, ONTAKI",4.0,5.0,4.0,3.0,2.0,3.0,3.0,4.0,3.0,5.0,
Mahasiswa 45,2/5/2024 19:36:15,Robotik,"Pemograman Web, Data Science","Tim Besar: membuat kegiatan seperti seminar, workshop dll","PHP, HTML, CSS, Figma, Blender, Python, Linux",Belajar lebih dalam,"WEBONDER, MAMUD, ETH0",3.0,5.0,2.0,5.0,2.0,2.0,4.0,5.0,4.0,3.0,
Mahasiswa 41,2/5/2024 17:25:54,Pemograman Mobile,",","Tim Besar: membuat kegiatan seperti seminar, workshop dll","Java, Figma",Mencari ilmu baru,"MOCAP, DSE",1.0,2.0,2.0,3.0,3.0,5.0,4.0,5.0,4.0,4.0,
Mahasiswa 35,2/8/2024 17:22:54,Data Science,"Pemograman Web, Pemograman Mobile, Data Science","Tim Besar: membuat kegiatan seperti seminar, workshop dll","HTML, CSS, Figma, Python",Untuk memperdalam keilmuan di bidang IT ,"MOCAP, WEBONDER, GDSC",2.0,3.0,2.0,1.0,4.0,1.0,3.0,4.0,1.0,5.0,
Mahasiswa 37,2/6/2024 17:40:35,Pemograman Mobile,"Pemograman Web, Pemograman Mobile, Pemograman Java, Multimedia, Data Science, Robotik, Jaringan, Linux",Tim Kecil: Lebih ke proyek-proyek tertentu,"PHP, HTML, Figma",Mengembangkan keahlian dan mendapatkan pengalam dan ilmu,"MOCAP, DSE",4.0,4.0,2.0,1.0,3.0,1.0,2.0,5.0,4.0,5.0,
Mahasiswa 6,2/6/2024 10:22:22,Robotik,"Pemograman Web, Pemograman Mobile, Pemograman Java","Tim Besar: membuat kegiatan seperti seminar, workshop dll","PHP, HTML, Figma",mrnambah ilmu,ONTAKI,3.0,2.0,2.0,5.0,4.0,1.0,4.0,4.0,4.0,2.0,
Mahasiswa 9,2/5/2024 17:33:27,Robotik,"Pemograman Web, Data Science",Tim Kecil: Lebih ke proyek-proyek tertentu,"Dart, Python",Mencari ilmu baru,"MOCAP, GDSC",2.0,2.0,2.0,3.0,3.0,3.0,4.0,5.0,3.0,4.0,
Mahasiswa 27,2/5/2024 19:36:15,Pemograman Web,"Pemograman Web, Pemograman Mobile, Pemograman Java, Multimedia, Data Science, UI/UX",Tim Kecil: Lebih ke proyek-proyek tertentu,"PHP, HTML, CSS, Javascript, Figma",Mempelajari ilmu baru di luar perkuliahan dengan teman-teman,"MOCAP, MAMUD, GDSC, ONTAKI",3.0,5.0,2.0,3.0,4.0,3.0,1.0,4.0,2.0,5.0,
Mahasiswa 40,2/5/2024 17:33:27,Linux,Pemograman Mobile,"Tim Besar: membuat kegiatan seperti seminar, workshop dll",Python,Untuk memperdalam keilmuan di bidang IT ,"MOCAP, MAMUD, GDSC, ONTAKI",4.0,2.0,4.0,1.0,5.0,5.0,4.0,4.0,4.0,5.0,
Mahasiswa 29,2/5/2024 20:41:27,Pemograman Web,"Data Science, Teknologi Google",Tim Kecil: Lebih ke proyek-proyek tertentu,"PHP, HTML, CSS, Javascript, Cloud, Linux, Golang",Menambah teman,"ETH0, GDSC",3.0,5.0,2.0,5.0,4.0,3.0,4.0,4.0,1.0,3.0,
Mahasiswa 9,2/5/2024 16:43:32,Robotik,Robotik,Tim Kecil: Lebih ke proyek-proyek tertentu,"PHP, Cloud",Untuk belajar lebih jauh mengenai materi yang d berikan,"MOCAP, MAMUD, GDSC, ONTAKI",4.0,3.0,4.0,5.0,4.0,1.0,1.0,4.0,3.0,4.0,
Mahasiswa 21,2/5/2024 16:43:26,Data Science,Data Science,Tim Kecil: Lebih ke proyek-proyek tertentu,"Java, C#, Dart, Python",Untuk belajar lebih jauh mengenai materi yang d berikan,"MOCAP, WEBONDER, DSE",2.0,4.0,4.0,1.0,4.0,1.0,2.0,5.0,4.0,2.0,
Mahasiswa 36,2/5/2024 20:41:27,Teknologi Google,"Pemograman Web, Pemograman Mobile, Pemograman Java, Jaringan, Linux, UI/UX","Tim Besar: membuat kegiatan seperti seminar, workshop dll","PHP, Figma, Kotlin, Dart, Cloud, Python, Golang",Ingin menambah wawasan dan menambah ilmu untuk mengembangkan diri,MOCAP,4.0,3.0,1.0,5.0,5.0,3.0,2.0,1.0,4.0,5.0,
Mahasiswa 12,10/13/2023 4:11:43,Pemograman Web,Robotik,"Tim Besar: membuat kegiatan seperti seminar, workshop dll","PHP, HTML, CSS, Javascript, Java, Dart",Memperluas networking,"WEBONDER, ETH0, FUN JAVA",4.0,5.0,4.0,3.0,4.0,3.0,2.0,4.0,2.0,5.0,
Mahasiswa 9,2/6/2024 12:54:26,Pemograman Web,"Pemograman Web, Pemograman Mobile, Pemograman Java",Tim Kecil: Lebih ke proyek-proyek tertentu,"HTML, CSS, Figma, Python","Dengan mengikuti komunitas, bisa membantu saya mengembangkan skill","MOCAP, WEBONDER, GDSC",3.0,2.0,5.0,1.0,2.0,3.0,5.0,1.0,4.0,3.0,
Mahasiswa 45,2/5/2024 17:25:54,Linux,Robotik,"Tim Besar: membuat kegiatan seperti seminar, workshop dll",Python,Pengetahuan dalam dunia kerja dan informasi penting (Loker atau Pengetahuan) terbaru di bidang yang diminati,"ETH0, UINBUNTU, FUN JAVA, GDSC, DSE, ONTAKI",3.0,4.0,4.0,3.0,4.0,2.0,1.0,3.0,4.0,2.0,
Mahasiswa 27,2/5/2024 17:33:27,Linux,Pemograman Web,Tim Kecil: Lebih ke proyek-proyek tertentu,"Dart, Python",Menambah pengalaman ,"WEBONDER, GDSC",5.0,3.0,2.0,4.0,4.0,1.0,3.0,4.0,3.0,2.0,
Mahasiswa 14,2/8/2024 18:04:59,Robotik,"Pemograman Web, Pemograman Mobile, Pemograman Java, Data Science, Teknologi Google, Linux, UI/UX","Tim Besar: membuat kegiatan seperti seminar, workshop dll","PHP, HTML, CSS, Javascript, Java, Figma",Ingin menambah ilmu mengenai bidang yang saya tekuni ,ETH0,4.0,3.0,1.0,5.0,3.0,3.0,5.0,4.0,4.0,4.0,
Mahasiswa 15,2/8/2024 16:44:49,Multimedia,"Pemograman Web, Pemograman Mobile, Pemograman Java, Multimedia, Data Science, Robotik, Jaringan, Linux",Tim Kecil: Lebih ke proyek-proyek tertentu,"PHP, HTML, Figma",menambah relasi,"MOCAP, WEBONDER",1.0,3.0,2.0,5.0,3.0,3.0,5.0,4.0,2.0,4.0,
Mahasiswa 9,10/13/2023 6:49:42,Multimedia,"Pemograman Web, Pemograman Java, Multimedia, Data Science, Linux, UI/UX",Tim Kecil: Lebih ke proyek-proyek tertentu,"PHP, HTML, CSS, Javascript, Figma","Pengalaman ,relasi ,dan pengetahuan","MOCAP, GDSC",4.0,2.0,5.0,1.0,4.0,2.0,2.0,5.0,3.0,3.0,
Mahasiswa 9,2/13/2024 10:19:41,Multimedia,"Pemograman Java, Jaringan, UI/UX","Tim Besar: membuat kegiatan seperti seminar, workshop dll","HTML, CSS, Figma, Python",Ingin menambah ilmu yang sebelumnya sudah saya dapat di sma,"MOCAP, UINBUNTU, ONTAKI",4.0,3.0,5.0,3.0,3.0,3.0,5.0,4.0,4.0,5.0,
Mahasiswa 27,2/6/2024 11:56:37,Data Science,"Pemograman Web, Pemograman Java, Multimedia, Linux, UI/UX","Tim Besar: membuat kegiatan seperti seminar, workshop dll","Javascript, Figma","Bergabung dalam komunitas akademik di TI UIN memberikan kesempatan untuk mendapatkan pengetahuan mendalam tentang bidang Teknologi Informasi. Melalui mata kuliah, seminar, dan proyek kolaboratif, anggota komunitas dapat terus belajar dan mengembangkan keterampilan mereka",DSE,2.0,4.0,3.0,5.0,4.0,3.0,5.0,3.0,3.0,4.0,
Mahasiswa 39,2/5/2024 17:25:54,Robotik,Multimedia,"Tim Besar: membuat kegiatan seperti seminar, workshop dll","PHP, HTML, CSS, Javascript, Cloud, Linux, Golang",Menambah pengalaman dan mendalami skill yang ingin diasah,DSE,2.0,4.0,2.0,3.0,5.0,3.0,4.0,4.0,3.0,3.0,
Mahasiswa 28,2/6/2024 10:22:22,Data Science,"Pemograman Mobile, Teknologi Google, UI/UX",Tim Kecil: Lebih ke proyek-proyek tertentu,"Java, C++, C#, Unity, Kotlin",Untuk mendapatkan pengalaman baru serta belajar tanggung jawab,ETH0,3.0,3.0,1.0,3.0,2.0,1.0,4.0,5.0,4.0,2.0,
Mahasiswa 39,2/5/2024 16:41:25,Teknologi Google,"Pemograman Web, Pemograman Java, Multimedia, Linux, UI/UX",Tim Kecil: Lebih ke proyek-proyek tertentu,"PHP, HTML, Figma",Ingin menambah wawasan dan menambah ilmu untuk mengembangkan diri,"WEBONDER, ETH0",4.0,5.0,2.0,1.0,4.0,3.0,3.0,3.0,2.0,5.0,
Mahasiswa 32,10/13/2023 6:49:42,Linux,",","Tim Besar: membuat kegiatan seperti seminar, workshop dll","PHP, CSS, Javascript, Cloud, Linux, Golang",Untuk memperdalam keilmuan di bidang IT ,"MOCAP, ONTAKI",2.0,5.0,3.0,3.0,3.0,5.0,5.0,5.0,2.0,4.0,
Mahasiswa 9,10/13/2023 4:02:22,Pemograman Mobile,"Pemograman Web, Pemograman Mobile, Data Science",Tim Kecil: Lebih ke proyek-proyek tertentu,"PHP, HTML, CSS, Javascript, Figma, Ubuntu, Kotlin, Dart, Cloud, Linux, Golang",Belajar lebih dalam,"WEBONDER, ETH0, FUN JAVA",3.0,3.0,4.0,5.0,3.0,3.0,1.0,4.0,1.0,5.0,
Mahasiswa 13,10/13/2023 7:59:19,Teknologi Google,"Pemograman Web, Pemograman Mobile, Pemograman Java, Multimedia, Data Science, UI/UX",Tim Kecil: Lebih ke proyek-proyek tertentu,"PHP, HTML, CSS, C#, Figma, Dart, Cloud, Python","Dengan mengikuti komunitas, bisa membantu saya mengembangkan skill","WEBONDER, ETH0",3.0,5.0,4.0,5.0,4.0,1.0,1.0,4.0,4.0,4.0,
Mahasiswa 13,2/6/2024 13:14:22,Data Science,"Pemograman Mobile, Pemograman Java, Data Science","Tim Besar: membuat kegiatan seperti seminar, workshop dll","Dart, Python",Menambah insight baru ,"MOCAP, WEBONDER, DSE",3.0,2.0,2.0,3.0,4.0,2.0,4.0,4.0,3.0,5.0,
Mahasiswa 40,2/5/2024 16:43:32,Pemograman Web,"Pemograman Web, Pemograman Mobile, Data Science",Tim Kecil: Lebih ke proyek-proyek tertentu,"PHP, HTML, CSS, Javascript, Java, Kotlin, Dart, Python",Ingin menambah pengalaman yang lebih serta dapat mendapatkan relasi yang lebih positif ,"ETH0, GDSC, DSE",3.0,2.0,4.0,1.0,2.0,3.0,2.0,4.0,4.0,3.0,
Mahasiswa 6,2/5/2024 17:20:34,Jaringan,UI/UX,Tim Kecil: Lebih ke proyek-proyek tertentu,"PHP, HTML, CSS, Javascript, Cloud, Linux, Golang",Mencari peluang untuk memperlebar koneksi ke developer handal,ETH0,4.0,4.0,4.0,1.0,4.0,5.0,4.0,4.0,4.0,5.0,
Mahasiswa 36,2/8/2024 18:30:42,Multimedia,Data Science,Tim Kecil: Lebih ke proyek-proyek tertentu,"Java, Figma",Menambah relasi & pengetahuan di bidang terkait ,"MOCAP, WEBONDER, MAMUD, ETH0",4.0,2.0,4.0,4.0,3.0,1.0,4.0,4.0,1.0,2.0,
Mahasiswa 24,2/8/2024 16:44:49,Teknologi Google,"Pemograman Web, Pemograman Mobile, Pemograman Java, Multimedia, Data Science, Robotik, Jaringan, Linux, UI/UX",Tim Kecil: Lebih ke proyek-proyek tertentu,"Java, Figma","Bergabung dalam komunitas akademik di TI UIN memberikan kesempatan untuk mendapatkan pengetahuan mendalam tentang bidang Teknologi Informasi. Melalui mata kuliah, seminar, dan proyek kolaboratif, anggota komunitas dapat terus belajar dan mengembangkan keterampilan mereka",ETH0,3.0,5.0,2.0,4.0,2.0,1.0,4.0,4.0,4.0,2.0,
Mahasiswa 25,2/8/2024 16:58:59,Multimedia,"Pemograman Mobile, Teknologi Google, UI/UX",Tim Kecil: Lebih ke proyek-proyek tertentu,"PHP, Figma, Kotlin, Dart, Cloud, Python, Golang",Menambah ilmu,UINUX,5.0,4.0,5.0,5.0,2.0,3.0,2.0,4.0,2.0,4.0,
Mahasiswa 33,2/8/2024 17:22:54,Data Science,"Pemograman Mobile, Pemograman Java, Teknologi Google, Linux, UI/UX",Tim Kecil: Lebih ke proyek-proyek tertentu,"HTML, CSS, Figma, Blender, Python",Mengembangkan keahlian dan mendapatkan pengalam dan ilmu,"MOCAP, DSE",4.0,4.0,1.0,1.0,2.0,5.0,1.0,5.0,4.0,3.0,
Mahasiswa 12,2/6/2024 17:40:35,Multimedia,"Pemograman Web, Data Science, UI/UX",Tim Kecil: Lebih ke proyek-proyek tertentu,"PHP, HTML, CSS, Figma, Blender, Python, Linux",Karena ingin menambah teman dan mempelajari ilmu baru,ONTAKI,4.0,3.0,5.0,3.0,4.0,4.0,4.0,4.0,4.0,5.0,
Mahasiswa 25,2/5/2024 16:46:02,Pemograman Mobile,UI/UX,Tim Kecil: Lebih ke proyek-proyek tertentu,"PHP, HTML, CSS, Java, C++, C#, Unity, Ubuntu, Blender, Dart, Python, Linux",Menambah pengalaman ,"MOCAP, MAMUD, GDSC, ONTAKI",3.0,5.0,1.0,3.0,3.0,2.0,2.0,1.0,3.0,4.0,
Mahasiswa 27,2/6/2024 17:40:35,Multimedia,Pemograman Mobile,Tim Kecil: Lebih ke proyek-proyek tertentu,"Kotlin, Dart, Python",Mempelajari ilmu baru di luar perkuliahan dengan teman-teman,FUN JAVA,4.0,4.0,4.0,5.0,4.0,3.0,4.0,5.0,1.0,4.0,
Mahasiswa 12,2/5/2024 17:25:54,Multimedia,"Pemograman Web, Pemograman Java, Data Science",Tim Kecil: Lebih ke proyek-proyek tertentu,HTML,mrnambah ilmu,"MOCAP, UINBUNTU, ONTAKI",3.0,4.0,4.0,3.0,3.0,3.0,5.0,1.0,4.0,5.0,
Mahasiswa 33,2/5/2024 16:53:20,Jaringan,"Pemograman Web, Pemograman Mobile, Pemograman Java, Multimedia, Data Science, Robotik, Jaringan, Teknologi Google, Linux, UI/UX","Tim Besar: membuat kegiatan seperti seminar, workshop dll","PHP, CSS, Javascript, Cloud, Linux, Golang",Mengembangkan skill dan menambah wawasan,"ETH0, GDSC",2.0,3.0,2.0,3.0,4.0,5.0,4.0,5.0,3.0,2.0,
Mahasiswa 36,2/8/2024 16:58:59,UI/UX,"Pemograman Web, Data Science",Tim Kecil: Lebih ke proyek-proyek tertentu,"PHP, HTML, CSS, Javascript, Cloud, Linux, Golang",Karena ingin menambah teman dan mempelajari ilmu baru,"MOCAP, DSE",4.0,4.0,4.0,3.0,5.0,3.0,1.0,5.0,3.0,2.0,
Mahasiswa 33,2/5/2024 16:58:01,Multimedia,"Pemograman Web, Pemograman Mobile, Data Science","Tim Besar: membuat kegiatan seperti seminar, workshop dll","HTML, CSS, Java, C++, C#, Blender",Menambah ilmu,"ETH0, GDSC",4.0,4.0,4.0,3.0,2.0,2.0,3.0,5.0,3.0,4.0,
Mahasiswa 23,2/6/2024 12:54:26,Teknologi Google,"Pemograman Web, Pemograman Mobile, Pemograman Java, Multimedia, Robotik, Jaringan, Teknologi Google, Linux, UI/UX",Tim Kecil: Lebih ke proyek-proyek tertentu,"PHP, HTML, CSS, Javascript, Figma, Cloud, Python",Menambah pengalaman dan mendalami skill yang ingin diasah,"MOCAP, ONTAKI",2.0,2.0,5.0,4.0,3.0,2.0,4.0,5.0,4.0,5.0,
Mahasiswa 3,2/8/2024 16:44:49,Linux,"Pemograman Web, Pemograman Java, Multimedia, Linux, UI/UX",Tim Kecil: Lebih ke proyek-proyek tertentu,"Javascript, Unity, Ubuntu",Ingin mendapatkan lingkungan yang memeiliki mimpi yang sama dan minat yang sama,"MOCAP, MAMUD, GDSC, ONTAKI",3.0,5.0,1.0,5.0,4.0,1.0,4.0,3.0,4.0,2.0,
Mahasiswa 14,2/7/2024 14:55:06,Jaringan,"Pemograman Mobile, Pemograman Java, Teknologi Google, Linux, UI/UX","Tim Besar: membuat kegiatan seperti seminar, workshop dll","Kotlin, Dart, Python","Dengan mengikuti komunitas, bisa membantu saya mengembangkan skill","MOCAP, ONTAKI",2.0,4.0,4.0,5.0,3.0,2.0,4.0,5.0,4.0,3.0,
Mahasiswa 20,2/6/2024 12:54:26,Pemograman Web,"Pemograman Web, Pemograman Mobile, Pemograman Java, Multimedia, Data Science, Linux, UI/UX",Tim Kecil: Lebih ke proyek-proyek tertentu,"PHP, HTML, Java, C++, Figma, Ubuntu, Kotlin, Dart, Cloud, Python, Linux, Golang",Ingin menambah ilmu mengenai bidang yang saya tekuni ,"MOCAP, UINBUNTU, ONTAKI",3.0,5.0,2.0,4.0,4.0,3.0,2.0,1.0,3.0,5.0,
Mahasiswa 24,2/9/2024 10:24:07,Pemograman Web,"Pemograman Web, Pemograman Mobile, Pemograman Java, Multimedia, Jaringan, UI/UX","Tim Besar: membuat kegiatan seperti seminar, workshop dll","PHP, HTML, CSS, Java, C++, C#, Unity, Ubuntu, Blender, Dart, Python, Linux",Belajar lebih dalam,"WEBONDER, ETH0, FUN JAVA",3.0,4.0,4.0,3.0,3.0,5.0,2.0,4.0,4.0,2.0,
Mahasiswa 46,2/7/2024 14:55:06,Teknologi Google,"Pemograman Web, Pemograman Java, Multimedia, Data Science, Linux, UI/UX","Tim Besar: membuat kegiatan seperti seminar, workshop dll","Java, Figma","Menambah wawasan dan teman, serta menambah sesuatu di Linkedin",FUN JAVA,5.0,2.0,2.0,5.0,2.0,5.0,2.0,4.0,2.0,3.0,
Mahasiswa 8,2/8/2024 16:58:59,Linux,"Pemograman Web, Pemograman Mobile, Pemograman Java, Jaringan, Linux, UI/UX","Tim Besar: membuat kegiatan seperti seminar, workshop dll","PHP, HTML, CSS, Javascript, Figma, Cloud, Python",Menambah teman,"MOCAP, UINBUNTU, ONTAKI",3.0,2.0,2.0,3.0,4.0,3.0,4.0,4.0,2.0,2.0,
Mahasiswa 33,2/5/2024 17:20:34,UI/UX,"Pemograman Web, Pemograman Mobile, Pemograman Java, Multimedia, Data Science, Linux, UI/UX",Tim Kecil: Lebih ke proyek-proyek tertentu,"PHP, HTML, CSS, Javascript, Java, Kotlin, Dart, Python",Memperluas networking,"MOCAP, WEBONDER, DSE",4.0,2.0,3.0,1.0,4.0,3.0,4.0,5.0,4.0,5.0,
Mahasiswa 19,2/5/2024 17:20:34,Linux,"Pemograman Mobile, Pemograman Java, Teknologi Google, Linux, UI/UX",Tim Kecil: Lebih ke proyek-proyek tertentu,"PHP, HTML, CSS, Javascript, Figma, Ubuntu, Kotlin, Dart, Cloud, Linux, Golang",Mengembangkan skill dan menambah wawasan,"MOCAP, WEBONDER, GDSC",5.0,3.0,2.0,3.0,5.0,1.0,4.0,5.0,4.0,5.0,
Mahasiswa 45,10/12/2023 23:33:04,Linux,"Pemograman Web, Pemograman Mobile, Pemograman Java",Tim Kecil: Lebih ke proyek-proyek tertentu,"Java, Figma",menambah relasi,"WEBONDER, ETH0, FUN JAVA",3.0,2.0,4.0,2.0,4.0,1.0,5.0,5.0,4.0,2.0,
Mahasiswa 9,2/5/2024 16:46:02,Data Science,"Pemograman Java, Jaringan, UI/UX","Tim Besar: membuat kegiatan seperti seminar, workshop dll","Javascript, Python, Golang",Pengetahuan dalam dunia kerja dan informasi penting (Loker atau Pengetahuan) terbaru di bidang yang diminati,"MOCAP, UINBUNTU, ONTAKI",2.0,4.0,5.0,3.0,3.0,1.0,4.0,4.0,2.0,4.0,
Mahasiswa 1,2/5/2024 17:02:37,Jaringan,"Pemograman Web, Pemograman Mobile, Pemograman Java, Multimedia, Data Science, Jaringan, Linux",Tim Kecil: Lebih ke proyek-proyek tertentu,"HTML, CSS, Figma, Blender, Python",Nambah ilmu dan pengalaman. Nambah relasi,"MOCAP, WEBONDER",4.0,3.0,4.0,1.0,5.0,3.0,2.0,5.0,3.0,5.0,
Mahasiswa 7,2/5/2024 16:37:56,Jaringan,Multimedia,"Tim Besar: membuat kegiatan seperti seminar, workshop dll","Javascript, C#, Figma, Unity, Blender, Kotlin",Ingin meningkatkan softskill maupun hardskill yang bisa menunjang karir,DSE,2.0,3.0,4.0,2.0,3.0,5.0,2.0,5.0,2.0,2.0,
Mahasiswa 33,10/13/2023 6:49:42,UI/UX,"Pemograman Web, Data Science, UI/UX","Tim Besar: membuat kegiatan seperti seminar, workshop dll","PHP, HTML, CSS, C#, Figma, Dart, Cloud, Python",Ingin menambah ilmu yang sebelumnya sudah saya dapat di sma,"MOCAP, WEBONDER, MAMUD, ETH0",3.0,4.0,4.0,3.0,4.0,3.0,4.0,4.0,3.0,2.0,
Mahasiswa 25,2/5/2024 20:41:27,Teknologi Google,"Pemograman Web, Pemograman Mobile, Pemograman Java, Multimedia, Robotik, Jaringan, Teknologi Google, Linux, UI/UX","Tim Besar: membuat kegiatan seperti seminar, workshop dll","Java, Figma","Menambah wawasan dan teman, serta menambah sesuatu di Linkedin",MAMUD,2.0,4.0,2.0,3.0,3.0,5.0,4.0,4.0,3.0,2.0,
Mahasiswa 6,2/5/2024 18:44:46,Data Science,Jaringan,Tim Kecil: Lebih ke proyek-proyek tertentu,"PHP, HTML, CSS, Javascript, Figma","Dengan mengikuti komunitas, bisa membantu saya mengembangkan skill",MOCAP,3.0,5.0,1.0,3.0,3.0,1.0,1.0,4.0,4.0,4.0,
Mahasiswa 21,10/13/2023 4:02:22,Jaringan,"Pemograman Web, Pemograman Mobile, Pemograman Java, Data Science, UI/UX","Tim Besar: membuat kegiatan seperti seminar, workshop dll","C++, C#, Figma, Ubuntu, Cloud, Linux, Golang","Pengalaman ,relasi ,dan pengetahuan","ETH0, GDSC, DSE",1.0,5.0,4.0,3.0,3.0,5.0,2.0,4.0,4.0,2.0,
Mahasiswa 30,2/6/2024 13:14:22,Pemograman Web,Pemograman Mobile,"Tim Besar: membuat kegiatan seperti seminar, workshop dll","HTML, CSS, Figma, Blender, Python",menambah wawasan saya dan koneksi antar anggota,FUN JAVA,3.0,3.0,2.0,3.0,3.0,1.0,4.0,4.0,4.0,2.0,
Mahasiswa 36,2/6/2024 12:54:26,Linux,"Pemograman Web, Pemograman Mobile, Pemograman Java, Multimedia, Data Science, Jaringan, Teknologi Google, Linux, UI/UX",Tim Kecil: Lebih ke proyek-proyek tertentu,"PHP, HTML, CSS, Javascript, Figma, Cloud, Python",Menambah relasi & pengetahuan di bidang terkait ,"MOCAP, GDSC, DSE, ONTAKI",4.0,4.0,2.0,3.0,4.0,4.0,4.0,4.0,4.0,3.0,
Mahasiswa 37,2/5/2024 18:44:46,Robotik,Robotik,Tim Kecil: Lebih ke proyek-proyek tertentu,"PHP, Python",Ingin menambah pengalaman yang lebih serta dapat mendapatkan relasi yang lebih positif ,FUN JAVA,3.0,2.0,1.0,3.0,3.0,4.0,2.0,5.0,4.0,2.0,
Mahasiswa 6,2/5/2024 16:58:01,Linux,"Pemograman Web, Pemograman Mobile, Pemograman Java",Tim Kecil: Lebih ke proyek-proyek tertentu,"PHP, HTML, CSS, Javascript, Figma, Cloud",Untuk membantu saya dalam minat saya di bidang bioinformatika ,FUN JAVA,3.0,4.0,2.0,3.0,5.0,1.0,2.0,4.0,3.0,5.0,
Mahasiswa 12,2/8/2024 20:08:41,Jaringan,"Pemograman Web, Pemograman Mobile, Pemograman Java, Multimedia, Jaringan, UI/UX","Tim Besar: membuat kegiatan seperti seminar, workshop dll",HTML,Menambah relasi untuk membantu memudahkan memahami tugas kuliah,"ETH0, GDSC",4.0,4.0,2.0,1.0,3.0,1.0,4.0,5.0,4.0,3.0,
Mahasiswa 38,2/5/2024 19:30:29,Data Science,"Pemograman Web, Pemograman Mobile, Pemograman Java, Multimedia, Data Science, Jaringan, Teknologi Google, Linux, UI/UX","Tim Besar: membuat kegiatan seperti seminar, workshop dll","PHP, CSS, Javascript, Cloud, Linux, Golang",Menambah pengalaman ,ETH0,4.0,3.0,4.0,3.0,2.0,4.0,4.0,4.0,4.0,2.0,
Mahasiswa 46,2/7/2024 14:55:06,Multimedia,"Pemograman Web, Data Science, UI/UX","Tim Besar: membuat kegiatan seperti seminar, workshop dll","PHP, HTML, Java, C++, Figma, Ubuntu, Kotlin, Dart, Cloud, Python, Linux, Golang",Mencari ilmu baru,"WEBONDER, ETH0",4.0,2.0,4.0,3.0,4.0,5.0,3.0,4.0,4.0,4.0,
